frame_id,track_id,vehicle_type,vehicle_bbox_x1,vehicle_bbox_y1,vehicle_bbox_x2,vehicle_bbox_y2,plate_bbox_x1,plate_bbox_y1,plate_bbox_x2,plate_bbox_y2,plate_confidence,detect_inference_ms,ocr_ran,ocr_raw_text,ocr_confidence,ocr_validated_plate,ocr_status,ocr_inference_ms
5,1,motorcycle,252,513,593,912,311,653,397,691,0.547,639.1,True,17055280,0.640,,rejected,389.5
5,2,car,1124,410,1227,514,1137,470,1178,490,0.421,639.1,True,,,,no_text,65.4
10,2,car,1091,419,1212,531,1114,487,1151,504,0.540,297.6,True,,,,no_text,65.4
10,3,auto,1278,369,1803,1071,1463,671,1565,734,0.445,297.6,True,TN03D9766,0.989,TN03D9766,accepted,392.1
15,2,car,1044,414,1193,544,1084,493,1124,511,0.564,326.6,True,,,,no_text,60.4
15,3,auto,1283,369,1805,1070,1464,668,1570,734,0.361,326.6,True,TN03D9766,0.978,TN03D9766,accepted,205.3
15,2,motorcycle,943,453,1052,628,960,495,1012,523,0.266,326.6,True,,,,no_text,59.4
20,2,car,1003,408,1171,563,1045,503,1092,521,0.703,243.7,True,,,,no_text,188.2
20,4,motorcycle,848,469,992,693,864,547,927,573,0.456,243.7,True,,,,no_text,79.5
25,5,motorcycle,577,494,830,879,599,638,679,683,0.725,310.2,True,8999,0.609,,rejected,164.7
25,2,car,929,407,1144,590,985,519,1046,545,0.709,310.2,True,,,,no_text,186.0
25,5,motorcycle,577,494,830,879,634,542,696,571,0.424,310.2,True,,,,no_text,164.7
30,2,car,871,411,1118,616,929,537,999,564,0.734,304.0,True,TN103L736,0.863,NL03L736,accepted,178.8
30,6,motorcycle,82,547,610,1077,146,792,262,859,0.574,304.0,True,IN10CC0947,0.856,TN10CC0947,accepted,237.3
30,7,motorcycle,82,547,610,1077,240,626,325,664,0.570,304.0,True,,,,no_text,64.9
35,4,car,807,406,1092,645,870,553,950,585,0.765,307.3,True,AINTOBL7354,0.693,,rejected,155.6
35,8,auto,1292,367,1813,1062,1473,659,1586,739,0.309,307.3,True,TN03D9766,0.983,TN03D9766,accepted,191.9
40,2,car,658,401,1043,714,736,597,842,635,0.737,243.7,True,2TN108L7364,0.862,TN1OBL7364,accepted,330.2
40,8,auto,1286,364,1819,1062,1474,666,1577,732,0.271,243.7,True,TN03D9766,0.980,TN03D9766,accepted,215.5
45,2,car,492,393,997,780,589,641,720,686,0.806,236.0,True,ETN10BL7364,0.918,TN10BL7364,accepted,177.2
45,8,auto,1288,362,1820,1061,1474,658,1586,746,0.475,236.0,True,,,,no_text,210.1
50,9,car,215,380,928,897,336,721,504,774,0.744,288.6,True,FTN10BL7364,0.912,TN10BL7364,accepted,184.2
50,8,auto,1283,358,1824,1061,1471,663,1575,729,0.386,288.6,True,TN03D9766,0.989,TN03D9766,accepted,213.8
55,8,auto,1285,358,1825,1054,1470,662,1574,725,0.520,313.8,True,TN03D9766,0.988,TN03D9766,accepted,198.0
60,8,auto,1292,353,1822,1048,1473,648,1581,742,0.473,242.0,True,TN03D9766,0.982,TN03D9766,accepted,291.4
60,10,car,995,387,1144,512,1034,454,1072,468,0.289,242.0,True,,,,no_text,71.4
65,8,auto,1286,351,1818,1045,1474,651,1570,714,0.598,235.8,True,TN03D9766,0.990,TN03D9766,accepted,196.1
75,8,auto,1329,343,1874,1040,1528,638,1634,714,0.334,381.5,True,TN03D9766,0.968,TN03D9766,accepted,198.6
80,10,car,825,352,1106,566,883,491,955,515,0.672,293.0,True,,,,no_text,187.6
85,10,car,759,342,1090,586,825,504,900,531,0.643,246.6,True,ETKO9CX5OGO,0.708,,rejected,171.4
85,8,auto,1363,332,1909,1035,1561,636,1667,703,0.611,246.6,True,TN03D9766,0.980,TN03D9766,accepted,395.0
90,10,car,634,332,1052,629,709,525,801,555,0.725,394.3,True,STN09CX5000,0.756,TN09CX5000,accepted,198.0
90,8,auto,1373,329,1914,1030,1567,629,1677,710,0.489,394.3,True,,,,no_text,173.7
90,8,auto,1373,329,1914,1030,1560,624,1682,758,0.306,394.3,True,,,,no_text,155.6
95,11,car,136,296,918,786,220,635,367,677,0.778,408.7,True,THO9CX5000,0.955,TN09CX5000,accepted,334.6
95,8,auto,1375,326,1913,1027,1567,627,1673,703,0.592,408.7,True,TN03D9766,0.987,TN03D9766,accepted,200.6
100,8,auto,1373,326,1912,1029,1567,628,1673,702,0.548,231.1,True,TN03D9766,0.980,TN03D9766,accepted,237.7
105,8,auto,1371,325,1912,1028,1566,628,1673,701,0.632,238.4,True,TN03D9766,0.976,TN03D9766,accepted,244.3
110,8,auto,1370,322,1914,1029,1564,627,1675,703,0.595,234.2,True,TN03D9766,0.989,TN03D9766,accepted,240.7
115,8,auto,1374,318,1915,1028,1565,625,1682,709,0.617,243.6,True,TN03D9766,0.986,TN03D9766,accepted,200.2
115,8,auto,1374,318,1915,1028,1560,623,1685,749,0.389,243.6,True,TN03D9766,0.968,TN03D9766,accepted,243.7
120,8,auto,1368,320,1915,1027,1566,627,1677,702,0.657,257.3,True,TN03D9766,0.988,TN03D9766,accepted,249.2
125,8,auto,1375,315,1912,1024,1567,620,1683,698,0.504,241.8,True,TN03D9766,0.989,TN03D9766,accepted,184.4
130,8,auto,1376,311,1914,1021,1567,615,1683,693,0.530,311.7,True,TN03D9766,0.980,TN03D9766,accepted,187.8
135,8,auto,1376,311,1916,1021,1569,617,1684,693,0.384,338.1,True,TN03D9766,0.988,TN03D9766,accepted,198.4
140,8,auto,1377,315,1916,1021,1573,619,1690,699,0.554,415.4,True,TN03D9766,0.962,TN03D9766,accepted,229.7
145,8,auto,1375,315,1914,1024,1569,619,1681,691,0.486,237.9,True,TN03D9766,0.987,TN03D9766,accepted,204.3
150,8,auto,1370,310,1914,1024,1566,619,1679,695,0.252,243.5,True,TN03D9766,0.977,TN03D9766,accepted,202.3
160,8,auto,1376,312,1915,1019,1566,613,1683,700,0.533,320.1,True,TN03D9766,0.972,TN03D9766,accepted,190.6
165,8,auto,1371,305,1915,1019,1566,611,1681,705,0.482,244.2,True,TN03D9766,0.975,TN03D9766,accepted,193.4
170,8,auto,1367,308,1906,1021,1563,611,1676,696,0.496,264.1,True,TN03D9766,0.981,TN03D9766,accepted,205.8
175,8,auto,1369,312,1910,1019,1566,616,1678,692,0.434,402.8,True,TN03D9766,0.989,TN03D9766,accepted,212.7
180,8,auto,1371,310,1911,1019,1567,610,1678,700,0.423,336.9,True,TN03D9766,0.970,TN03D9766,accepted,198.0
185,8,auto,1371,311,1909,1022,1565,610,1682,699,0.458,449.9,True,TN03D9766,0.975,TN03D9766,accepted,232.9
190,8,auto,1375,313,1910,1022,1566,615,1681,698,0.345,537.5,True,TN03D9766,0.987,TN03D9766,accepted,181.5
195,8,auto,1373,313,1908,1023,1565,621,1683,697,0.437,276.8,True,TN03D9766,0.976,TN03D9766,accepted,247.7
200,8,auto,1370,313,1911,1021,1564,621,1682,697,0.467,412.3,True,TN03D9766,0.988,TN03D9766,accepted,268.5
205,8,auto,1374,315,1913,1023,1565,623,1680,699,0.575,435.0,True,TN03D9766,0.978,TN03D9766,accepted,285.2
210,8,auto,1374,320,1914,1021,1565,623,1682,712,0.638,368.2,True,,,,no_text,129.8
215,8,auto,1372,322,1911,1026,1565,627,1674,702,0.652,364.2,True,TN03D9766,0.989,TN03D9766,accepted,365.4
220,8,auto,1376,320,1914,1023,1566,624,1680,700,0.610,262.1,True,TN03D9766,0.982,TN03D9766,accepted,190.6
225,8,auto,1376,319,1914,1024,1566,623,1681,699,0.654,298.6,True,TN03D9766,0.982,TN03D9766,accepted,207.4
230,8,auto,1376,321,1913,1021,1566,623,1678,698,0.590,421.7,True,TN03D9766,0.981,TN03D9766,accepted,201.4
235,8,auto,1375,319,1914,1021,1565,624,1681,700,0.534,376.1,True,TN03D9766,0.984,TN03D9766,accepted,204.4
240,8,auto,1372,319,1914,1022,1567,626,1678,701,0.610,370.9,True,TN03D9766,0.988,TN03D9766,accepted,252.2
245,8,auto,1377,323,1914,1025,1565,623,1686,721,0.613,283.7,True,TN03D9766,0.979,TN03D9766,accepted,200.5
245,12,car,930,382,1139,532,976,478,1031,496,0.293,283.7,True,,,,no_text,83.9
250,8,auto,1375,325,1916,1024,1567,625,1688,720,0.693,268.3,True,,,,no_text,147.7
250,12,car,858,382,1109,557,907,495,966,515,0.534,268.3,True,,,,no_text,199.9
255,8,auto,1380,323,1917,1022,1572,623,1692,708,0.656,310.3,True,TN03D9766,0.976,TN03D9766,accepted,209.2
255,12,car,750,381,1068,593,816,520,897,547,0.585,310.3,True,TN41AR0C,0.609,,rejected,190.1
255,8,auto,1380,323,1917,1022,1565,622,1695,749,0.297,310.3,True,TN03D9766,0.962,TN03D9766,accepted,250.5
260,12,car,591,380,1005,650,662,559,758,594,0.598,262.6,True,TN41AR0082,0.901,TN41AR0082,accepted,173.5
260,8,auto,1382,323,1918,1022,1575,626,1687,702,0.347,262.6,True,TN03D9766,0.981,TN03D9766,accepted,194.8
265,13,car,55,373,846,837,141,689,289,741,0.789,256.6,True,TN41AR0082,0.976,TN41AR0082,accepted,172.7
270,8,auto,1391,325,1919,1027,1588,628,1695,697,0.363,356.3,True,TN03D9766,0.982,TN03D9766,accepted,258.9
275,8,auto,1395,324,1919,1026,1588,628,1701,706,0.386,249.5,True,TN03D9766,0.986,TN03D9766,accepted,188.8
280,8,auto,1391,324,1919,1028,1592,629,1695,694,0.409,242.1,True,TN03D9766,0.983,TN03D9766,accepted,246.2
285,8,auto,1393,320,1919,1026,1591,628,1697,696,0.495,251.2,True,TN03D9766,0.982,TN03D9766,accepted,260.9
290,8,auto,1393,325,1919,1029,1589,628,1695,699,0.325,245.5,True,TN03D9766,0.988,TN03D9766,accepted,279.2
305,14,auto,1394,322,1918,1027,1698,823,1782,869,0.341,329.1,True,,,,no_text,59.3
310,14,auto,1392,321,1919,1028,1696,820,1781,870,0.358,343.8,True,,,,no_text,51.4
315,8,auto,1395,324,1919,1028,1589,630,1695,699,0.261,241.2,True,TN03D9766,0.979,TN03D9766,accepted,255.8
320,14,auto,1392,321,1918,1026,1692,817,1782,870,0.292,237.1,True,,,,no_text,52.5
325,14,auto,1394,320,1919,1026,1696,822,1781,870,0.300,244.6,True,,,,no_text,54.8
340,14,auto,1396,320,1919,1026,1694,820,1779,870,0.314,233.8,True,,,,no_text,50.6
375,15,auto,1391,329,1919,1033,1582,630,1698,714,0.275,359.7,True,TN03D9766,0.974,TN03D9766,accepted,189.5
380,15,auto,1392,332,1918,1034,1589,635,1706,711,0.322,250.5,True,TN03D9766,0.972,TN03D9766,accepted,196.1
385,15,auto,1392,331,1918,1034,1586,633,1703,705,0.394,242.8,True,TN03D9766,0.982,TN03D9766,accepted,251.2
390,15,auto,1396,330,1919,1032,1591,631,1698,699,0.388,247.9,True,TN03D9766,0.979,TN03D9766,accepted,248.1
395,15,auto,1401,329,1919,1033,1597,632,1707,698,0.522,244.1,True,TN03D9766,0.981,TN03D9766,accepted,241.4
400,15,auto,1405,329,1918,1035,1596,631,1711,702,0.593,239.1,True,TN03D9766,0.984,TN03D9766,accepted,198.9
400,15,auto,1405,329,1918,1035,1594,629,1716,756,0.363,239.1,True,TN03D9766,0.952,TN03D9766,accepted,186.9
400,16,car,998,395,1105,516,1062,489,1110,513,0.296,239.1,True,,,,no_text,64.0
405,15,auto,1408,331,1919,1036,1599,630,1716,702,0.606,248.2,True,TN03D9766,0.978,TN03D9766,accepted,257.8
410,15,auto,1405,328,1920,1037,1602,628,1711,697,0.589,237.3,True,TN03D9766,0.975,TN03D9766,accepted,206.4
410,17,motorcycle,890,463,1067,780,921,590,983,625,0.474,237.3,True,,,,no_text,61.1
415,15,auto,1414,329,1920,1034,1608,631,1719,703,0.628,408.7,True,TN03D9766,0.982,TN03D9766,accepted,248.1
415,17,motorcycle,778,487,1020,877,840,556,909,595,0.324,408.7,True,,,,no_text,52.9
415,16,motorcycle,1046,443,1177,639,1077,490,1133,519,0.251,408.7,True,,,,no_text,175.6
420,15,auto,1417,330,1919,1034,1610,632,1725,702,0.589,253.6,True,TN03D9766,0.956,TN03D9766,accepted,196.8
420,16,motorcycle,1016,450,1160,675,1054,508,1111,540,0.354,253.6,True,,,,no_text,152.5
420,15,auto,1417,330,1919,1034,1607,624,1732,748,0.250,253.6,True,TN03D9766,0.959,TN03D9766,accepted,416.1
425,15,auto,1423,330,1919,1035,1614,630,1735,701,0.609,350.6,True,TN03D9766,0.974,TN03D9766,accepted,197.7
425,16,motorcycle,966,464,1133,724,1005,527,1072,562,0.513,350.6,True,,,,no_text,56.7
425,15,auto,1423,330,1919,1035,1614,623,1740,736,0.316,350.6,True,TN03D9766,0.965,TN03D9766,accepted,204.8
430,18,car,293,390,868,732,356,615,467,647,0.725,239.1,True,TN370F3523,0.939,TN37OF3523,accepted,177.7
430,16,motorcycle,911,473,1108,783,948,552,1023,590,0.625,239.1,True,,,,no_text,58.1
430,15,auto,1426,328,1919,1034,1619,627,1737,700,0.601,239.1,True,TN03D9766,0.958,TN03D9766,accepted,216.7
435,19,car,0,392,734,867,0,708,62,755,0.631,418.4,True,3523,0.838,,rejected,156.7
435,16,motorcycle,819,477,1072,884,862,593,949,639,0.592,418.4,True,DUNIOBY5351,0.706,,rejected,208.9
435,15,auto,1427,328,1919,1038,1627,631,1741,700,0.504,418.4,True,TN03D9766,0.989,TN03D9766,accepted,211.8
440,16,motorcycle,664,502,1028,1031,720,654,827,713,0.587,243.6,True,TN1OBY5351,0.844,TN1OBY5351,accepted,199.7
440,15,auto,1435,330,1920,1037,1636,631,1743,697,0.352,243.6,True,TN03D9766,0.979,TN03D9766,accepted,207.4
445,20,motorcycle,236,580,872,1078,339,821,484,908,0.410,371.9,True,TH108Y5351,0.894,TN1OBY5351,accepted,209.7
445,15,auto,1444,326,1920,1038,1638,627,1761,704,0.363,371.9,True,TN03D9766,0.981,TN03D9766,accepted,203.1
450,15,auto,1447,328,1920,1039,1643,628,1757,701,0.292,275.6,True,TN03D9766,0.988,TN03D9766,accepted,199.7
450,21,auto,1447,328,1920,1039,1839,729,1919,775,0.270,275.6,True,LPG,0.988,,rejected,169.7
465,15,auto,1445,327,1920,1040,1639,627,1760,707,0.392,288.9,True,TN03D9766,0.982,TN03D9766,accepted,195.9
470,15,auto,1446,326,1920,1040,1639,628,1755,706,0.406,232.7,True,TN03D9766,0.974,TN03D9766,accepted,250.4
475,15,auto,1444,326,1920,1039,1635,628,1756,708,0.290,309.1,True,TN03D9766,0.973,TN03D9766,accepted,203.9
480,15,auto,1442,323,1919,1039,1637,628,1753,702,0.435,263.4,True,TN03D9766,0.956,TN03D9766,accepted,256.8
485,15,auto,1444,322,1919,1038,1640,624,1754,699,0.595,232.4,True,TN03D9766,0.984,TN03D9766,accepted,216.4
485,22,car,1022,396,1196,519,1061,471,1108,487,0.524,232.4,True,,,,no_text,59.3
490,15,auto,1442,322,1919,1035,1637,623,1763,709,0.551,252.4,True,TN03D9766,0.966,TN03D9766,accepted,186.9
490,22,car,976,394,1174,533,1019,479,1072,502,0.481,252.4,True,,,,no_text,203.8
495,22,car,915,396,1152,553,965,495,1021,514,0.636,266.6,True,,,,no_text,181.9
495,15,auto,1448,317,1919,1038,1648,624,1766,701,0.438,266.6,True,TN03D9766,0.980,TN03D9766,accepted,220.2
500,22,car,840,392,1116,573,892,510,957,534,0.748,238.3,True,8535,0.792,,rejected,218.5
500,15,auto,1453,317,1919,1035,1657,627,1766,697,0.370,238.3,True,TN03D9766,0.985,TN03D9766,accepted,200.5
505,22,car,661,392,1041,628,719,553,802,580,0.695,240.9,True,TH093T8535,0.801,,rejected,175.2
510,22,car,435,392,960,702,496,602,604,636,0.716,234.2,True,TH09BT8535,0.850,TN09BT8535,accepted,180.2
515,23,car,39,389,836,823,85,693,219,738,0.770,238.0,True,,,,no_text,173.7
520,24,auto,1462,318,1919,1033,1847,631,1919,766,0.504,290.9,True,,,,no_text,115.8
520,15,auto,1462,318,1919,1033,1657,624,1771,702,0.437,290.9,True,TN03D9766,0.987,TN03D9766,accepted,255.4
525,15,auto,1459,321,1919,1036,1658,625,1777,710,0.465,233.4,True,,,,no_text,167.0
530,15,auto,1458,317,1919,1035,1658,624,1773,700,0.387,402.3,True,TN03D9766,0.988,TN03D9766,accepted,200.1
535,15,auto,1460,319,1919,1035,1659,624,1774,702,0.466,238.3,True,TN03D9766,0.980,TN03D9766,accepted,202.8
540,15,auto,1460,317,1919,1033,1659,627,1772,696,0.307,326.0,True,TN03D9766,0.982,TN03D9766,accepted,228.2
545,15,auto,1461,318,1919,1033,1662,624,1776,698,0.520,232.7,True,TN03D9766,0.947,TN03D9766,accepted,255.1
550,15,auto,1461,317,1919,1035,1656,620,1778,714,0.538,236.1,True,,,,no_text,194.5
555,15,auto,1459,319,1919,1036,1655,625,1772,705,0.604,265.7,True,TN03D9766,0.971,TN03D9766,accepted,247.3
560,15,auto,1457,317,1919,1037,1654,622,1775,710,0.609,236.7,True,TN03D9766,0.983,TN03D9766,accepted,180.7
560,15,auto,1457,317,1919,1037,1647,619,1779,753,0.295,236.7,True,TN03D9766,0.964,TN03D9766,accepted,285.1
565,15,auto,1456,321,1919,1038,1654,619,1777,714,0.668,244.4,True,TN03D9766,0.963,TN03D9766,accepted,187.5
565,15,auto,1456,321,1919,1038,1645,618,1780,756,0.454,244.4,True,,,,no_text,184.9
565,25,auto,1456,321,1919,1038,1849,634,1920,765,0.334,244.4,True,,,,no_text,132.9
570,15,auto,1461,326,1920,1037,1657,625,1776,712,0.634,409.7,True,TN03D9766,0.978,TN03D9766,accepted,209.3
570,15,auto,1461,326,1920,1037,1652,621,1780,757,0.449,409.7,True,TN0309766,0.909,TN03O9766,accepted,241.0
575,15,auto,1447,322,1919,1040,1653,621,1774,719,0.521,362.6,True,TN03D9766,0.984,TN03D9766,accepted,191.9
575,15,auto,1447,322,1919,1040,1646,618,1778,757,0.428,362.6,True,09766,0.915,,rejected,156.1
575,25,auto,1447,322,1919,1040,1846,637,1920,776,0.265,362.6,True,,,,no_text,38.5
580,15,auto,1454,326,1920,1037,1655,623,1776,718,0.673,240.4,True,TN03D9766,0.977,TN03D9766,accepted,194.4
580,15,auto,1454,326,1920,1037,1649,620,1779,756,0.537,240.4,True,TN03D9766,0.921,TN03D9766,accepted,243.4
580,25,auto,1454,326,1920,1037,1846,638,1920,774,0.275,240.4,True,,,,no_text,35.6
585,15,auto,1457,323,1919,1039,1657,624,1774,710,0.635,248.4,True,TN03D9766,0.979,TN03D9766,accepted,190.9
585,15,auto,1457,323,1919,1039,1652,619,1779,758,0.512,248.4,True,TN0309766,0.887,TN03O9766,accepted,242.5
590,15,auto,1455,323,1919,1040,1650,624,1774,714,0.502,317.8,True,TN03D9766,0.974,TN03D9766,accepted,200.1
590,15,auto,1455,323,1919,1040,1643,620,1778,760,0.309,317.8,True,TN03D9766,0.933,TN03D9766,accepted,246.5
590,25,auto,1455,323,1919,1040,1844,666,1920,774,0.255,317.8,True,2020,0.972,,rejected,138.9
595,15,auto,1447,329,1919,1043,1648,629,1765,709,0.395,258.4,True,TN03D9766,0.968,TN03D9766,accepted,195.7
600,15,auto,1434,333,1920,1042,1630,629,1764,756,0.500,301.3,True,TN03D9766,0.959,TN03D9766,accepted,286.3
610,15,auto,1418,332,1919,1041,1619,631,1737,720,0.406,411.3,True,TN03D9766,0.986,TN03D9766,accepted,196.7
615,15,auto,1416,333,1920,1038,1608,627,1737,756,0.597,262.7,True,TN03D976615,0.814,,rejected,332.2
620,15,auto,1412,335,1920,1042,1611,632,1722,712,0.575,240.5,True,TN03D9766,0.983,TN03D9766,accepted,193.0
625,15,auto,1412,336,1920,1044,1610,635,1726,717,0.552,237.3,True,TN03D9766,0.978,TN03D9766,accepted,197.7
630,15,auto,1408,336,1920,1044,1611,637,1720,715,0.519,244.9,True,TN03D9766,0.980,TN03D9766,accepted,193.5
640,15,auto,1413,337,1920,1045,1610,630,1733,735,0.367,262.6,True,TN03D9766,0.969,TN03D9766,accepted,238.1
645,15,auto,1414,339,1920,1049,1616,639,1725,722,0.289,297.2,True,TN03D9766,0.988,TN03D9766,accepted,199.4
660,15,auto,1414,341,1920,1055,1616,641,1726,722,0.481,414.1,True,TN03D9766,0.971,TN03D9766,accepted,211.4
670,15,auto,1416,343,1920,1058,1614,644,1723,727,0.421,428.6,True,TN03D9766,0.974,TN03D9766,accepted,227.5
675,15,auto,1415,345,1920,1061,1617,649,1727,729,0.638,359.9,True,TN03D9766,0.984,TN03D9766,accepted,205.5
680,15,auto,1408,347,1920,1064,1615,645,1729,737,0.650,244.5,True,TN03D9766,0.978,TN03D9766,accepted,193.6
685,15,auto,1411,349,1920,1066,1616,645,1735,746,0.696,241.6,True,TN03D9766,0.981,TN03D9766,accepted,189.1
690,15,auto,1412,335,1920,1047,1616,637,1725,722,0.392,243.6,True,,,,no_text,159.4
695,15,auto,1416,326,1920,1039,1610,627,1736,715,0.564,241.8,True,TN03D9766,0.984,TN03D9766,accepted,192.6
700,15,auto,1417,328,1920,1038,1611,626,1733,725,0.600,247.7,True,TN03D9766A,0.843,,rejected,238.0
700,15,auto,1417,328,1920,1038,1604,621,1737,758,0.427,247.7,True,TN03D9766LPO,0.817,,rejected,304.4
705,15,auto,1408,323,1920,1038,1605,626,1725,710,0.648,408.3,True,TN03D9766,0.978,TN03D9766,accepted,195.8
710,15,auto,1405,326,1920,1039,1606,627,1726,710,0.642,238.7,True,TN03D9766,0.986,TN03D9766,accepted,242.2
710,15,auto,1405,326,1920,1039,1600,620,1731,750,0.269,238.7,True,TN03D9766,0.950,TN03D9766,accepted,238.1
715,15,auto,1413,327,1920,1037,1608,627,1726,709,0.690,245.6,True,TN03D9766,0.973,TN03D9766,accepted,192.8
715,15,auto,1413,327,1920,1037,1603,622,1730,754,0.318,245.6,True,TN03D9766,0.933,TN03D9766,accepted,238.2
720,15,auto,1414,324,1920,1036,1608,625,1725,707,0.632,245.3,True,TN03D9766,0.984,TN03D9766,accepted,251.7
725,15,auto,1415,324,1920,1035,1610,625,1733,708,0.462,406.9,True,TN03D9766,0.985,TN03D9766,accepted,189.4
725,15,auto,1415,324,1920,1035,1599,622,1732,751,0.254,406.9,True,TN03D9766,0.967,TN03D9766,accepted,285.5
730,15,auto,1413,323,1920,1035,1609,625,1723,699,0.552,399.9,True,TN03D9766,0.985,TN03D9766,accepted,316.3
745,15,auto,1415,321,1920,1033,1611,625,1724,696,0.538,241.2,True,TN03D9766,0.982,TN03D9766,accepted,220.2
750,15,auto,1414,321,1920,1031,1611,626,1719,695,0.458,242.2,True,TN03D9766,0.985,TN03D9766,accepted,194.4
755,15,auto,1415,320,1920,1031,1608,626,1721,701,0.339,241.8,True,TN03D9766,0.974,TN03D9766,accepted,246.6
760,15,auto,1415,320,1920,1031,1611,627,1718,693,0.438,233.9,True,TN03D9766,0.985,TN03D9766,accepted,244.2
765,15,auto,1419,321,1920,1033,1611,627,1721,695,0.462,245.1,True,TN03D9766,0.985,TN03D9766,accepted,252.4
770,15,auto,1419,320,1920,1030,1613,625,1722,693,0.431,293.0,True,TN03D9766,0.979,TN03D9766,accepted,200.2
775,15,auto,1422,315,1920,1024,1612,615,1728,693,0.549,249.3,True,TN03D9766,0.989,TN03D9766,accepted,194.0
780,15,auto,1421,312,1919,1022,1614,613,1721,690,0.541,242.6,True,TN03D9766,0.987,TN03D9766,accepted,247.8
785,15,auto,1425,305,1919,1015,1614,606,1732,709,0.735,306.2,True,TN03D9766,0.975,TN03D9766,accepted,194.7
790,15,auto,1425,306,1918,1017,1617,612,1729,689,0.481,274.7,True,TN03D9766,0.981,TN03D9766,accepted,186.0
795,15,auto,1429,301,1918,1012,1625,607,1731,684,0.482,253.8,True,TN03D9766,0.983,TN03D9766,accepted,252.1
795,26,motorcycle,942,415,1111,687,973,471,1045,502,0.325,253.8,True,,,,no_text,70.8
795,26,motorcycle,942,415,1111,687,968,465,1053,505,0.309,253.8,True,,,,no_text,76.5
800,27,motorcycle,704,448,997,876,741,544,850,578,0.611,243.4,True,23C82658,0.524,,rejected,198.2
800,15,auto,1432,297,1918,1011,1636,605,1737,674,0.349,243.4,True,TN03D9766,0.989,TN03D9766,accepted,263.6
800,26,motorcycle,1061,395,1221,637,1104,534,1156,569,0.270,243.4,True,,,,no_text,62.0
805,28,motorcycle,963,395,1178,717,999,484,1088,523,0.683,385.3,True,,,,no_text,70.0
805,28,motorcycle,963,395,1178,717,1006,589,1067,628,0.459,385.3,True,,,,no_text,74.7
805,15,auto,1439,299,1919,1013,1636,603,1739,670,0.409,385.3,True,TN03D9766,0.986,TN03D9766,accepted,270.0
810,27,motorcycle,818,418,1100,850,854,533,959,573,0.715,238.4,True,,,,no_text,334.6
810,15,auto,1441,296,1919,1007,1635,598,1739,666,0.506,238.4,True,TN03D9766,0.976,TN03D9766,accepted,278.5
815,27,bus,924,222,1198,505,978,447,1052,473,0.586,280.3,True,,,,no_text,169.7
815,29,motorcycle,450,488,952,1078,514,642,672,699,0.435,280.3,True,,,,no_text,287.4
815,30,auto,1444,290,1918,1004,1722,779,1839,845,0.368,280.3,True,,,,no_text,73.7
815,15,auto,1444,290,1918,1004,1639,597,1744,668,0.367,280.3,True,TN03D9766,0.975,TN03D9766,accepted,263.3
820,31,bus,820,201,1171,528,906,461,990,490,0.652,251.0,True,TN23AP4113,0.707,TN23AP4113,accepted,174.0
820,15,auto,1448,293,1919,1006,1646,596,1754,672,0.371,251.0,True,TN03D9766,0.988,TN03D9766,accepted,206.1
825,31,bus,713,173,1143,554,825,479,902,509,0.679,415.8,True,TN23AP4119,0.910,TN23AP4119,accepted,178.3
825,15,auto,1452,292,1919,1003,1648,593,1754,665,0.455,415.8,True,TN03D9766,0.976,TN03D9766,accepted,312.2
830,31,bus,562,140,1095,592,688,505,784,540,0.716,331.5,True,TN23AP4115,0.955,TN23AP4115,accepted,182.9
830,15,auto,1449,289,1919,1001,1650,590,1759,670,0.526,331.5,True,TN03D9766,0.968,TN03D9766,accepted,260.7
830,31,bus,562,140,1095,592,686,448,779,495,0.302,331.5,True,,,,no_text,57.5
835,29,bus,328,85,1033,652,475,544,592,591,0.685,241.9,True,TN23AP4115,0.962,TN23AP4115,accepted,177.7
835,15,auto,1448,286,1919,1005,1645,594,1751,662,0.437,241.9,True,TN03D9766,0.973,TN03D9766,accepted,211.5
840,32,bus,21,19,963,729,183,599,333,654,0.615,244.2,True,TN23AP4115,0.866,TN23AP4115,accepted,173.2
840,15,auto,1448,287,1919,1002,1645,590,1755,666,0.499,244.2,True,TN03D9766,0.983,TN03D9766,accepted,265.6
840,15,auto,1448,287,1919,1002,1647,588,1760,695,0.418,244.2,True,TN03D9766,0.969,TN03D9766,accepted,236.5
840,30,auto,1448,287,1919,1002,1714,764,1841,839,0.271,244.2,True,,,,no_text,52.3
845,15,auto,1447,287,1919,1001,1640,590,1757,678,0.456,252.4,True,,,,no_text,253.6
850,15,auto,1447,285,1919,1000,1646,588,1758,658,0.344,253.5,True,TN03D9766,0.978,TN03D9766,accepted,272.4
850,33,bus,1013,305,1225,531,1079,452,1128,485,0.254,253.5,True,,,,no_text,50.7
855,15,auto,1445,284,1920,997,1647,588,1756,652,0.433,250.2,True,TN03D9766,0.985,TN03D9766,accepted,199.8
860,15,auto,1445,285,1920,998,1645,588,1758,654,0.447,237.3,True,TN03D9766,0.977,TN03D9766,accepted,195.5
865,15,auto,1446,286,1920,998,1645,587,1757,654,0.603,252.0,True,TN03D9766,0.989,TN03D9766,accepted,211.5
870,15,auto,1450,286,1920,998,1646,588,1757,653,0.518,240.9,True,TN03D9766,0.980,TN03D9766,accepted,204.9
870,34,car,1193,327,1392,493,1244,435,1303,456,0.488,240.9,True,,,,no_text,184.4
875,34,car,1156,321,1378,510,1218,442,1279,463,0.562,249.2,True,,,,no_text,189.9
875,15,auto,1442,283,1920,1000,1645,589,1757,655,0.355,249.2,True,TN03D9766,0.981,TN03D9766,accepted,206.0
875,35,auto,1442,283,1920,1000,1828,611,1920,744,0.291,249.2,True,,,,no_text,53.9
880,34,car,1125,319,1370,525,1184,448,1260,475,0.670,250.4,True,SINSZATOIOA,0.560,,rejected,175.0
880,15,auto,1443,283,1920,1000,1637,587,1762,702,0.465,250.4,True,TN03D9766,0.958,TN03D9766,accepted,251.0
880,15,auto,1443,283,1920,1000,1639,588,1758,664,0.342,250.4,True,TN03D9766,0.989,TN03D9766,accepted,199.9
885,34,car,1082,316,1358,544,1150,466,1228,492,0.641,243.0,True,EINOZAT8104,0.602,TN0ZAT8104,accepted,179.7
885,15,auto,1447,287,1919,998,1633,586,1761,703,0.544,243.0,True,TN03D9766,0.964,TN03D9766,accepted,317.6
885,15,auto,1447,287,1919,998,1634,587,1756,670,0.438,243.0,True,TN03D9766,0.990,TN03D9766,accepted,197.2
890,34,car,1029,310,1341,569,1106,478,1189,506,0.652,256.4,True,TNOZATA104,0.704,TN02ATA104,accepted,183.4
890,15,auto,1447,288,1919,996,1639,587,1755,660,0.358,256.4,True,TN03D9766,0.977,TN03D9766,accepted,258.9
890,15,auto,1447,288,1919,996,1635,584,1760,695,0.326,256.4,True,TN03D9766,0.965,TN03D9766,accepted,201.2
895,34,car,972,307,1324,593,1056,493,1152,524,0.677,294.2,True,TNOZAT8104,0.843,TN0ZAT8104,accepted,191.8
895,15,auto,1449,285,1919,994,1633,584,1760,703,0.411,294.2,True,TN03D9766,0.972,TN03D9766,accepted,298.6
895,15,auto,1449,285,1919,994,1639,587,1753,661,0.351,294.2,True,TN03D9766,0.972,TN03D9766,accepted,214.1
895,36,motorcycle,560,414,814,734,603,460,666,498,0.294,294.2,True,,,,no_text,55.1
900,34,car,883,303,1300,638,975,525,1087,562,0.769,261.4,True,TN04AY8104,0.851,TN04AY8104,accepted,189.6
900,15,auto,1450,286,1919,995,1641,586,1752,657,0.299,261.4,True,TN03D9766,0.984,TN03D9766,accepted,209.5
905,34,car,775,300,1278,685,880,564,1006,600,0.723,375.3,True,TNO4AY8104,0.851,NL4AY8104,accepted,195.0
905,15,auto,1452,287,1919,994,1642,588,1759,665,0.431,375.3,True,TN03D9766,0.990,TN03D9766,accepted,216.0
905,15,auto,1452,287,1919,994,1637,586,1760,695,0.385,375.3,True,TN03D9766,0.938,TN03D9766,accepted,187.8
910,34,car,619,297,1244,758,739,606,890,651,0.776,241.9,True,TN04AY8104,0.875,TN04AY8104,accepted,181.7
910,15,auto,1454,287,1919,994,1641,585,1762,704,0.470,241.9,True,,,,no_text,148.2
910,15,auto,1454,287,1919,994,1647,588,1761,675,0.399,241.9,True,,,,no_text,156.2
915,34,car,362,280,1204,885,513,686,705,743,0.765,243.8,True,TN04AY8104,0.961,TN04AY8104,accepted,179.9
915,15,auto,1453,286,1919,994,1644,587,1753,655,0.599,243.8,True,TN03D9766,0.980,TN03D9766,accepted,215.3
915,15,auto,1453,286,1919,994,1642,584,1756,683,0.404,243.8,True,TN03D9766,0.970,TN03D9766,accepted,207.5
920,37,car,1,256,1153,1076,63,853,332,958,0.726,259.2,True,TNO4AY8104,0.918,NL4AY8104,accepted,178.2
920,15,auto,1451,282,1919,993,1646,589,1759,666,0.498,259.2,True,TN03D9766,0.980,TN03D9766,accepted,201.7
920,15,auto,1451,282,1919,993,1643,586,1760,697,0.434,259.2,True,TN03D9766,0.971,TN03D9766,accepted,186.4
925,15,auto,1449,279,1919,994,1638,588,1758,693,0.487,416.4,True,TN03D9766,0.962,TN03D9766,accepted,190.8
925,15,auto,1449,279,1919,994,1640,589,1755,663,0.388,416.4,True,TN03D9766,0.986,TN03D9766,accepted,208.9
930,15,auto,1451,285,1919,994,1641,586,1760,671,0.538,363.9,True,TN03D9766,0.986,TN03D9766,accepted,198.7
935,38,car,635,316,1015,571,701,481,783,520,0.623,255.4,True,TN128J9333,0.815,TN1ZBJ9333,accepted,162.0
935,15,auto,1450,281,1919,994,1637,583,1761,706,0.394,255.4,True,TN03D9766,0.969,TN03D9766,accepted,196.8
940,38,car,512,310,964,610,583,506,672,551,0.594,308.4,True,TN128J9333,0.925,TN1ZBJ9333,accepted,167.2
940,15,auto,1450,283,1919,996,1637,586,1764,708,0.575,308.4,True,TN03D9766,0.983,TN03D9766,accepted,196.9
945,38,car,285,304,881,669,356,543,467,588,0.609,336.7,True,TN12BJ9333,0.902,TN12BJ9333,accepted,178.0
945,15,auto,1450,286,1920,999,1636,588,1764,709,0.576,336.7,True,TN03D9766,0.954,TN03D9766,accepted,240.0
945,39,motorcycle,1018,387,1154,590,1035,440,1091,464,0.309,336.7,True,,,,no_text,69.0
950,40,car,0,296,756,764,0,612,116,667,0.779,270.1,True,128J3333,0.852,MZ8J3333,accepted,171.6
955,15,auto,1446,286,1920,999,1646,589,1762,670,0.472,392.2,True,TN03D9766,0.974,TN03D9766,accepted,202.6
955,41,motorcycle,837,413,1023,699,859,506,937,535,0.472,392.2,True,,,,no_text,183.4
955,15,auto,1446,286,1920,999,1639,587,1762,701,0.450,392.2,True,TN03D9766,0.966,TN03D9766,accepted,202.6
955,39,car,1095,331,1283,488,1145,443,1200,462,0.328,392.2,True,,,,no_text,183.8
960,42,motorcycle,646,434,916,803,691,550,784,582,0.684,254.3,True,TNO9EZ1TE4,0.696,,rejected,189.4
960,39,car,1061,328,1267,503,1107,448,1171,470,0.610,254.3,True,,,,no_text,90.1
960,15,auto,1448,287,1919,999,1643,588,1763,680,0.576,254.3,True,TN03D9766,0.975,TN03D9766,accepted,210.3
965,15,auto,1445,287,1920,998,1633,587,1763,707,0.608,246.3,True,TN03D9766,0.972,TN03D9766,accepted,307.6
965,39,car,1009,330,1247,520,1054,462,1135,487,0.595,246.3,True,10013374,0.684,,rejected,189.4
965,43,motorcycle,197,477,699,1047,282,659,422,701,0.518,246.3,True,,,,no_text,211.5
965,44,auto,1445,287,1920,998,1822,601,1920,743,0.277,246.3,True,,,,no_text,61.3
970,15,auto,1447,286,1919,998,1644,587,1762,685,0.601,277.8,True,TN03D9766,0.978,TN03D9766,accepted,188.9
970,39,car,967,328,1228,534,1020,473,1101,499,0.589,277.8,True,R10873374,0.676,,rejected,185.3
970,15,auto,1447,286,1919,998,1616,588,1763,710,0.332,277.8,True,TN03D97667,0.852,,rejected,261.2
975,39,car,915,328,1206,555,974,487,1056,513,0.709,284.3,True,ETN108Y3974,0.753,TN1OBY3974,accepted,177.6
975,15,auto,1448,286,1919,998,1633,586,1762,708,0.588,284.3,True,TN03D9766,0.970,TN03D9766,accepted,212.4
975,15,auto,1448,286,1919,998,1637,586,1757,673,0.462,284.3,True,TN03D9766,0.982,TN03D9766,accepted,192.8
980,39,car,837,329,1174,588,899,509,991,541,0.749,250.5,True,FTN10BY3974,0.824,TN10BY3974,accepted,182.3
980,15,auto,1450,287,1919,998,1633,587,1759,705,0.601,250.5,True,TN03D9766,0.971,TN03D9766,accepted,321.0
985,39,car,722,324,1132,625,800,537,905,573,0.786,252.1,True,FIN10BY3974,0.884,TN10BY3974,accepted,180.8
985,15,auto,1451,286,1919,997,1635,586,1759,699,0.586,252.1,True,TN03D9766,0.966,TN03D9766,accepted,252.8
985,15,auto,1451,286,1919,997,1639,588,1756,666,0.461,252.1,True,TN03D9766,0.958,TN03D9766,accepted,203.1
990,39,car,567,319,1084,688,644,583,770,624,0.746,295.3,True,FTN10BY3974,0.861,TN10BY3974,accepted,179.4
990,15,auto,1448,285,1919,997,1627,586,1761,709,0.716,295.3,True,TN03D9766,0.961,TN03D9766,accepted,243.4
995,39,car,365,309,1022,767,449,637,595,685,0.737,266.8,True,IN10BY3974,0.856,TN10BY3974,accepted,174.1
995,15,auto,1449,285,1919,996,1630,585,1762,708,0.661,266.8,True,TN03D9766,0.954,TN03D9766,accepted,303.6
1000,45,car,33,298,941,898,117,732,300,797,0.744,236.7,True,TN10B13974,0.838,TN1OBI3974,accepted,179.1
1000,15,auto,1450,286,1919,998,1636,584,1758,683,0.559,236.7,True,TN03D9766,0.978,TN03D9766,accepted,207.7
1000,46,auto,1450,286,1919,998,1825,624,1919,744,0.267,236.7,True,,,,no_text,39.8
1005,15,auto,1448,285,1919,998,1637,585,1760,689,0.450,243.3,True,TN03D9766,0.946,TN03D9766,accepted,195.6
1010,15,auto,1451,286,1919,998,1635,586,1762,707,0.340,268.0,True,TN03D9766,0.986,TN03D9766,accepted,293.7
1010,47,car,1069,342,1212,456,1103,414,1142,433,0.331,268.0,True,,,,no_text,57.8
1015,15,auto,1446,286,1920,998,1635,585,1765,710,0.527,236.4,True,TN03D9766,0.921,TN03D9766,accepted,188.1
1015,46,auto,1446,286,1920,998,1824,602,1919,743,0.261,236.4,True,,,,no_text,59.1
1020,15,auto,1451,286,1920,998,1644,588,1759,660,0.521,239.1,True,TN03D9766,0.980,TN03D9766,accepted,200.3
1020,15,auto,1451,286,1920,998,1644,585,1763,692,0.400,239.1,True,TN03D9766,0.915,TN03D9766,accepted,191.8
1025,47,car,979,344,1162,479,1020,430,1067,446,0.685,279.2,True,,,,no_text,229.5
1025,15,auto,1452,284,1920,998,1649,588,1764,672,0.601,279.2,True,,,,no_text,156.8
1025,15,auto,1452,284,1920,998,1642,587,1765,705,0.514,279.2,True,TN03D9766,0.973,TN03D9766,accepted,198.7
1030,47,car,940,346,1142,488,985,437,1036,456,0.565,243.7,True,,,,no_text,169.0
1030,15,auto,1451,285,1919,997,1645,589,1758,662,0.558,243.7,True,TN03D9766,0.980,TN03D9766,accepted,247.5
1030,15,auto,1451,285,1919,997,1645,587,1762,690,0.457,243.7,True,TN03D9766,0.967,TN03D9766,accepted,185.5
1035,47,car,896,345,1119,501,943,443,1001,464,0.676,299.6,True,,,,no_text,189.7
1035,15,auto,1449,285,1920,997,1648,588,1761,667,0.585,299.6,True,TN03D9766,0.946,TN03D9766,accepted,205.3
1035,15,auto,1449,285,1920,997,1643,587,1762,696,0.471,299.6,True,TN03D9766,0.979,TN03D9766,accepted,190.3
1040,47,car,848,341,1091,514,893,452,952,471,0.706,322.8,True,,,,no_text,178.1
1040,15,auto,1453,287,1920,996,1637,586,1763,708,0.456,322.8,True,TN03D9766,0.957,TN03D9766,accepted,307.9
1040,15,auto,1453,287,1920,996,1642,589,1757,672,0.333,322.8,True,TN03D9766,0.984,TN03D9766,accepted,201.9
1040,46,auto,1453,287,1920,996,1827,610,1920,742,0.276,322.8,True,,,,no_text,50.8
1045,47,car,781,338,1062,530,837,460,902,484,0.714,249.1,True,,,,no_text,184.9
1045,15,auto,1452,285,1920,995,1650,586,1762,669,0.403,249.1,True,TN03D9766,0.971,TN03D9766,accepted,227.9
1045,15,auto,1452,285,1920,995,1644,584,1763,705,0.315,249.1,True,0,0.692,,rejected,208.7
1050,47,car,705,337,1025,551,762,476,834,499,0.733,360.7,True,7735,0.800,,rejected,170.8
1050,15,auto,1455,285,1920,995,1644,586,1756,655,0.340,360.7,True,TN03D9766,0.984,TN03D9766,accepted,265.1
1050,46,auto,1455,285,1920,995,1830,604,1920,738,0.296,360.7,True,,,,no_text,36.4
1055,47,car,581,340,972,586,642,501,724,528,0.753,314.1,True,IN073735,0.863,TN073735,accepted,165.4
1055,15,auto,1457,289,1920,995,1645,587,1758,658,0.519,314.1,True,TN03D9766,0.969,TN03D9766,accepted,224.9
1055,15,auto,1457,289,1920,995,1646,586,1763,700,0.368,314.1,True,TN03D9766,0.946,TN03D9766,accepted,244.5
1055,46,auto,1457,289,1920,995,1827,606,1920,741,0.254,314.1,True,,,,no_text,150.0
1060,47,car,403,335,898,637,469,533,566,563,0.718,294.9,True,TN07EN3736,0.810,TN07EN3736,accepted,194.6
1060,15,auto,1458,290,1919,997,1648,587,1761,665,0.644,294.9,True,TN03D9766,0.981,TN03D9766,accepted,214.2
1065,48,car,48,329,776,729,121,594,250,633,0.816,404.7,True,T7N3736,0.629,,rejected,198.8
1065,15,auto,1456,289,1919,998,1645,588,1759,665,0.595,404.7,True,TN03D9766,0.985,TN03D9766,accepted,241.4
1065,15,auto,1456,289,1919,998,1644,585,1762,694,0.428,404.7,True,TN03D9766,0.960,TN03D9766,accepted,180.9
1070,15,auto,1456,290,1920,998,1649,589,1762,671,0.614,410.0,True,TN03D9766,0.953,TN03D9766,accepted,234.8
1075,15,auto,1456,288,1920,1000,1639,590,1760,692,0.662,292.5,True,TN03D9766,0.978,TN03D9766,accepted,186.8
1080,15,auto,1452,288,1919,1002,1644,589,1756,667,0.447,322.9,True,TN03D9766,0.976,TN03D9766,accepted,253.7
1085,15,auto,1452,289,1919,1000,1648,588,1763,677,0.494,398.5,True,,,,no_text,153.9
1090,15,auto,1448,289,1919,1000,1646,592,1755,662,0.487,259.6,True,TN03D9766,0.983,TN03D9766,accepted,248.0
1090,49,auto,1448,289,1919,1000,1833,651,1920,752,0.266,259.6,True,,,,no_text,53.3
1095,15,auto,1447,289,1920,1001,1647,590,1757,664,0.525,251.2,True,TN03D9766,0.981,TN03D9766,accepted,251.1
1100,15,auto,1434,292,1920,1003,1652,591,1759,667,0.316,242.0,True,TN03D9766,0.977,TN03D9766,accepted,250.1
1105,15,auto,1446,287,1919,1000,1649,593,1755,662,0.523,241.5,True,TN03D9766,0.983,TN03D9766,accepted,245.3
1110,15,auto,1453,287,1919,1002,1649,593,1753,660,0.485,244.4,True,TN03D9766,0.981,TN03D9766,accepted,240.9
1110,49,auto,1453,287,1919,1002,1833,689,1919,754,0.280,244.4,True,,,,no_text,47.5
1115,15,auto,1449,288,1920,1002,1646,593,1753,664,0.266,239.1,True,TN03D9766,0.966,TN03D9766,accepted,257.2
1120,15,auto,1450,290,1920,1003,1647,593,1756,675,0.556,240.2,True,970,0.621,,rejected,167.8
1120,49,auto,1450,290,1920,1003,1832,688,1919,754,0.317,240.2,True,,,,no_text,55.5
1120,49,auto,1450,290,1920,1003,1828,616,1920,757,0.290,240.2,True,5402,0.965,,rejected,223.2
1125,15,auto,1448,292,1920,1003,1644,593,1751,670,0.597,372.5,True,TN03D9766,0.976,TN03D9766,accepted,241.3
1130,15,auto,1447,292,1919,1001,1639,594,1742,660,0.515,247.4,True,TN03D9766,0.987,TN03D9766,accepted,247.2
1130,50,car,1084,348,1230,458,1119,414,1157,432,0.457,247.4,True,,,,no_text,60.3
1135,15,auto,1436,289,1919,1001,1631,592,1738,669,0.640,241.8,True,TN03D9766,0.978,TN03D9766,accepted,244.8
1135,50,car,1056,346,1215,463,1098,420,1136,434,0.322,241.8,True,,,,no_text,180.2
1135,51,auto,1436,289,1919,1001,1699,768,1828,839,0.316,241.8,True,,,,no_text,65.9
1140,15,auto,1432,293,1919,1000,1623,593,1733,668,0.776,266.3,True,TN03D9766,0.972,TN03D9766,accepted,247.9
1140,50,car,1010,348,1186,477,1048,427,1092,445,0.534,266.3,True,,,,no_text,65.1
1145,15,auto,1433,293,1919,1001,1624,594,1731,670,0.714,239.4,True,TN03D9766,0.977,TN03D9766,accepted,189.9
1145,50,car,975,347,1170,487,1018,431,1066,452,0.433,239.4,True,,,,no_text,67.9
1145,50,car,975,347,1170,487,1019,434,1070,456,0.257,239.4,True,,,,no_text,177.9
1150,15,auto,1431,291,1919,1001,1622,592,1732,670,0.716,305.1,True,TN03D9766,0.977,TN03D9766,accepted,234.2
1150,50,car,940,347,1152,494,986,439,1037,459,0.516,305.1,True,,,,no_text,72.0
1155,15,auto,1433,292,1919,1001,1620,592,1732,675,0.747,346.9,True,TN03D9766,0.984,TN03D9766,accepted,188.7
1155,50,car,894,346,1129,510,937,447,999,469,0.532,346.9,True,,,,no_text,77.1
1160,50,car,780,344,1078,541,836,467,909,493,0.700,274.7,True,TN03CS1012,0.775,TN03CS1012,accepted,189.7
1160,15,auto,1430,291,1919,1001,1620,592,1733,674,0.657,274.7,True,TN03D9766,0.984,TN03D9766,accepted,213.8
1165,50,car,696,343,1037,569,761,490,842,513,0.706,408.6,True,ETN03CS1812,0.851,TN03CS1812,accepted,212.1
1165,15,auto,1432,292,1919,1001,1618,592,1734,680,0.676,408.6,True,,,,no_text,207.9
1165,52,car,1123,335,1300,502,1170,445,1222,461,0.401,408.6,True,SOSTSTON,0.550,,rejected,195.4
1170,15,auto,1431,292,1919,1001,1618,591,1735,681,0.727,236.5,True,TN03D9766,0.974,TN03D9766,accepted,206.3
1170,50,car,562,336,986,612,626,516,722,547,0.688,236.5,True,FTN09CS1812,0.879,TN09CS1812,accepted,183.8
1170,52,car,1090,330,1293,519,1144,450,1204,471,0.600,236.5,True,,,,no_text,192.5
1175,50,car,356,332,914,673,427,561,539,596,0.696,243.5,True,FTN09CS1812,0.859,TN09CS1812,accepted,178.1
1175,15,auto,1432,293,1919,1000,1620,594,1732,673,0.687,243.5,True,TN03D9766,0.981,TN03D9766,accepted,201.6
1175,52,car,1044,326,1281,545,1108,468,1179,490,0.602,243.5,True,ETN05084398,0.697,TN0SOB4398,accepted,181.6
1180,53,car,0,320,776,800,0,645,144,695,0.762,239.0,True,TH09CS1812,0.927,TN09CS1812,accepted,169.0
1180,15,auto,1433,294,1919,1000,1621,594,1733,674,0.731,239.0,True,TN03D9766,0.981,TN03D9766,accepted,196.9
1180,52,car,975,320,1264,588,1049,491,1132,516,0.657,239.0,True,FTNO50B4398,0.760,TN0SOB4398,accepted,205.7
1185,52,car,884,320,1243,643,966,525,1070,556,0.733,362.5,True,TN050B4398,0.915,TN0SOB4398,accepted,183.0
1185,15,auto,1435,293,1919,1000,1621,594,1732,670,0.713,362.5,True,TN03D9766,0.985,TN03D9766,accepted,293.6
1190,52,car,758,312,1217,712,860,575,988,610,0.768,420.6,True,TN050B4398,0.866,TN0SOB4398,accepted,186.3
1190,15,auto,1437,293,1919,999,1625,594,1732,672,0.686,420.6,True,TN03D9766,0.989,TN03D9766,accepted,197.8
1195,52,car,478,298,1167,861,613,666,795,715,0.728,235.9,True,TNO5DB4398,0.851,NL5DB4398,accepted,179.6
1195,15,auto,1438,291,1919,996,1622,590,1733,675,0.724,235.9,True,TN03D9766,0.976,TN03D9766,accepted,195.2
1200,15,auto,1438,287,1919,998,1624,593,1731,664,0.725,293.8,True,TN03D9766,0.986,TN03D9766,accepted,240.7
1205,15,auto,1435,288,1919,999,1620,593,1733,675,0.700,237.3,True,TN03D9766,0.975,TN03D9766,accepted,193.4
1210,15,auto,1431,289,1918,999,1619,593,1734,675,0.628,240.8,True,TN03D9766,0.987,TN03D9766,accepted,193.3
1215,15,auto,1435,291,1919,999,1620,592,1733,673,0.624,244.9,True,TN03D9766,0.986,TN03D9766,accepted,239.5
1220,15,auto,1431,291,1919,1000,1621,595,1731,673,0.576,312.4,True,TN03D9766,0.988,TN03D9766,accepted,247.9
1225,15,auto,1430,288,1919,1001,1620,595,1731,670,0.696,229.4,True,TN03D9766,0.986,TN03D9766,accepted,244.5
1230,15,auto,1424,289,1918,1000,1619,594,1731,672,0.673,241.6,True,TN03D9766,0.983,TN03D9766,accepted,251.1
1235,15,auto,1431,290,1915,1005,1621,596,1731,668,0.645,265.2,True,TN03D9766,0.970,TN03D9766,accepted,250.3
1235,54,motorcycle,1303,415,1477,682,1378,483,1433,520,0.377,265.2,True,,,,no_text,50.1
1235,55,car,1183,351,1350,479,1224,429,1268,444,0.361,265.2,True,,,,no_text,193.4
1240,15,auto,1423,292,1917,1003,1616,594,1728,674,0.753,243.3,True,TN03D9766,0.985,TN03D9766,accepted,194.2
1240,55,car,1163,347,1335,482,1202,430,1247,449,0.270,243.3,True,,,,no_text,68.0
1245,15,auto,1423,293,1918,1002,1613,593,1728,672,0.752,241.1,True,TN03D9766,0.975,TN03D9766,accepted,308.9
1245,55,car,1135,343,1310,488,1185,431,1236,451,0.267,241.1,True,,,,no_text,64.2
1250,15,auto,1430,293,1919,1002,1612,594,1725,669,0.771,243.6,True,TN03D9766,0.981,TN03D9766,accepted,251.5
1255,15,auto,1429,293,1919,1002,1616,596,1720,662,0.739,236.2,True,TN03D9766,0.981,TN03D9766,accepted,208.8
1260,15,auto,1429,292,1919,1002,1615,597,1721,664,0.747,327.4,True,TN03D9766,0.979,TN03D9766,accepted,250.0
1265,15,auto,1428,294,1919,1004,1615,595,1726,668,0.746,251.6,True,TN03D9766,0.982,TN03D9766,accepted,246.7
1265,56,auto,1428,294,1919,1004,1712,785,1814,844,0.275,251.6,True,,,,no_text,50.9
1270,15,auto,1427,294,1919,1003,1615,595,1725,668,0.726,247.1,True,TN03D9766,0.982,TN03D9766,accepted,244.3
1275,15,auto,1429,294,1919,1002,1614,593,1728,671,0.726,239.6,True,TN03D9766,0.969,TN03D9766,accepted,246.4
1280,15,auto,1429,292,1919,1000,1614,592,1726,671,0.707,261.1,True,TN03D9766,0.981,TN03D9766,accepted,203.2
1285,15,auto,1427,288,1920,996,1613,589,1721,657,0.641,371.1,True,TN03D9766,0.981,TN03D9766,accepted,201.2
1285,56,auto,1427,288,1920,996,1683,759,1809,836,0.286,371.1,True,,,,no_text,57.0
1290,15,auto,1427,289,1920,997,1610,589,1713,657,0.678,316.3,True,TN03D9766,0.986,TN03D9766,accepted,245.8
1290,56,auto,1427,289,1920,997,1678,767,1808,838,0.303,316.3,True,,,,no_text,59.5
1295,15,auto,1421,288,1920,996,1607,588,1712,660,0.587,273.9,True,TN03D9766,0.978,TN03D9766,accepted,246.0
1300,57,car,400,311,1084,842,456,665,627,720,0.710,236.8,True,TN976500,0.876,TN976500,accepted,175.1
1300,15,auto,1421,292,1919,999,1607,592,1710,660,0.547,236.8,True,TN03D9766,0.976,TN03D9766,accepted,257.8
1300,56,auto,1421,292,1919,999,1679,775,1799,839,0.353,236.8,True,,,,no_text,55.7
1305,58,car,129,308,1047,946,242,734,452,802,0.705,287.4,True,TN976500,0.979,TN976500,accepted,183.3
1305,15,auto,1420,292,1920,998,1605,592,1710,661,0.627,287.4,True,TN03D9766,0.982,TN03D9766,accepted,206.6
1310,15,auto,1419,291,1920,997,1606,592,1711,661,0.574,302.4,True,TN03D9766,0.970,TN03D9766,accepted,193.8
1315,15,auto,1423,290,1919,999,1606,592,1713,668,0.673,266.9,True,TN03D9766,0.977,TN03D9766,accepted,197.6
1320,15,auto,1422,292,1919,999,1607,588,1720,674,0.576,414.5,True,,,,no_text,166.2
1325,15,auto,1420,291,1920,999,1605,592,1714,664,0.450,251.2,True,TN03D9766,0.971,TN03D9766,accepted,194.5
