frame_id,track_id,vehicle_type,vehicle_bbox_x1,vehicle_bbox_y1,vehicle_bbox_x2,vehicle_bbox_y2,plate_bbox_x1,plate_bbox_y1,plate_bbox_x2,plate_bbox_y2,plate_confidence,detect_inference_ms,ocr_ran,ocr_raw_text,ocr_confidence,ocr_validated_plate,ocr_status,ocr_inference_ms,,
5,1,motorcycle,261,531,594,910,316,655,395,688,0.454,859.4,True,,,,no_text,384.7,,m model
5,2,car,1118,412,1229,511,1142,471,1177,491,0.262,859.4,True,,,,no_text,166.6,,
10,2,car,1087,418,1215,531,1116,486,1151,504,0.261,525.4,True,,,,no_text,56.7,,
15,2,car,1046,414,1199,542,1083,489,1123,506,0.289,482.8,True,,,,no_text,59.5,,
20,2,car,1001,409,1175,562,1044,503,1093,525,0.507,478.5,True,,,,no_text,57.1,,
20,3,motorcycle,845,470,987,691,870,549,930,576,0.44,478.5,True,,,,no_text,73.2,,
25,2,car,933,407,1145,591,983,520,1043,545,0.534,496.4,True,,,,no_text,58.6,,
25,4,motorcycle,575,496,825,877,593,639,672,676,0.454,496.4,True,NIOC0094,0.803,NL0C0094,accepted,288.7,,
25,4,motorcycle,575,496,825,877,637,543,697,571,0.33,496.4,True,LS,0.515,,rejected,173.4,,
30,2,car,875,408,1119,615,929,538,999,566,0.441,469.2,True,TN10BL7364,0.741,TN10BL7364,accepted,176.9,,
35,3,car,806,404,1095,645,868,555,952,586,0.407,462.3,True,ETNTOBL7354,0.71,,rejected,165.5,,
40,2,car,661,400,1043,711,734,597,844,637,0.506,477.9,True,FTN10BL7364,0.849,TN10BL7364,accepted,304.3,,
45,2,car,501,392,1000,774,589,643,720,685,0.648,483.4,True,ETN10BL7364,0.882,TN10BL7364,accepted,153,,
50,2,car,238,383,934,891,336,723,505,773,0.702,461.2,True,TH10BL7364,0.905,TN10BL7364,accepted,316.9,,
60,5,auto,1301,355,1818,1047,1474,647,1582,722,0.326,487.4,True,TN03D9766,0.985,TN03D9766,accepted,269.9,,
60,6,car,995,388,1145,510,1031,451,1069,468,0.298,487.4,True,,,,no_text,59.8,,
65,5,auto,1299,351,1811,1044,1472,644,1581,720,0.486,502.6,True,TN03D9766,0.978,TN03D9766,accepted,177.5,,
65,7,auto,1299,351,1811,1044,1543,805,1663,889,0.314,502.6,True,,,,no_text,45,,
65,6,car,954,381,1124,518,995,445,1036,464,0.302,502.6,True,,,,no_text,72.5,,
75,6,car,878,357,1119,546,930,476,993,498,0.278,480.3,True,,,,no_text,72.1,,
75,5,auto,1336,347,1874,1040,1526,634,1635,708,0.264,480.3,True,TN03D9766,0.959,TN03D9766,accepted,206.5,,
80,6,car,825,348,1109,566,882,489,952,516,0.459,471.7,True,,,,no_text,167.1,,
85,6,car,762,339,1088,586,824,500,901,529,0.266,482.2,True,EKO9CX5OGO,0.662,,rejected,165,,
85,5,auto,1373,337,1918,1034,1562,636,1664,701,0.261,482.2,True,TN03D9766,0.953,TN03D9766,accepted,208.3,,
90,6,car,637,329,1052,626,708,526,803,556,0.488,490.8,True,EIN09CX5000,0.81,TN09CX5000,accepted,154.5,,
95,8,car,139,294,926,786,219,629,368,679,0.693,467.4,True,THO9CX5000,0.91,TN09CX5000,accepted,171.1,,
95,5,auto,1376,336,1919,1020,1565,624,1681,711,0.339,467.4,True,TN03D9766,0.987,TN03D9766,accepted,195.7,,
95,5,auto,1376,336,1919,1020,1563,619,1688,744,0.269,467.4,True,AN03D9766,0.891,AN03D9766,accepted,377.8,,
100,5,auto,1377,337,1919,1024,1565,626,1682,712,0.377,461.9,True,N703,0.532,,rejected,173.9,,
105,5,auto,1377,338,1919,1030,1565,629,1677,700,0.25,452.6,True,TN03D9766,0.983,TN03D9766,accepted,186.8,,
110,5,auto,1380,338,1919,1029,1565,625,1679,704,0.313,460.3,True,TN03D9766,0.978,TN03D9766,accepted,183.5,,
110,5,auto,1380,338,1919,1029,1563,620,1688,744,0.292,460.3,True,TN03D9766,0.955,TN03D9766,accepted,170,,
115,5,auto,1386,331,1920,1028,1567,624,1681,705,0.411,472.3,True,TN03D9766,0.957,TN03D9766,accepted,182.2,,
115,9,bus,802,332,1008,560,832,490,873,517,0.363,472.3,True,,,,no_text,49.4,,
115,5,auto,1386,331,1920,1028,1564,621,1688,743,0.328,472.3,True,766,0.874,,rejected,209.9,,
120,5,auto,1384,332,1920,1027,1566,623,1680,703,0.319,469.5,True,TN03D9766,0.976,TN03D9766,accepted,187.6,,
120,5,auto,1384,332,1920,1027,1563,619,1689,749,0.28,469.5,True,TN03D9766,0.967,TN03D9766,accepted,174.9,,
125,5,auto,1381,322,1920,1018,1569,615,1682,691,0.442,470.1,True,TN03D9766,0.981,TN03D9766,accepted,184.8,,
125,10,auto,1381,322,1920,1018,1638,782,1764,866,0.397,470.1,True,,,,no_text,46.2,,
140,5,auto,1384,322,1920,1018,1570,610,1680,687,0.282,535.6,True,TN03D9766,0.983,TN03D9766,accepted,177.2,,
145,10,auto,1380,319,1920,1022,1637,776,1765,863,0.336,495.4,True,,,,no_text,44.9,,
155,5,auto,1377,323,1919,1018,1568,612,1682,686,0.324,502,True,TN03D9766,0.979,TN03D9766,accepted,179.4,,
160,5,auto,1381,320,1920,1018,1567,611,1683,688,0.324,467.2,True,TN03D9766,0.981,TN03D9766,accepted,226.7,,
165,5,auto,1381,316,1919,1015,1567,610,1679,684,0.279,465.9,True,TN03D9766,0.961,TN03D9766,accepted,180.8,,
170,5,auto,1371,319,1920,1014,1561,609,1671,686,0.408,466.9,True,TN03D9766,0.977,TN03D9766,accepted,223.3,,
175,5,auto,1374,320,1918,1019,1565,611,1674,685,0.296,471.5,True,TN03D9766,0.987,TN03D9766,accepted,187,,
190,5,auto,1374,320,1918,1020,1567,609,1679,684,0.263,550.8,True,TN03D9766,0.991,TN03D9766,accepted,188,,
195,5,auto,1384,326,1919,1022,1568,615,1677,687,0.261,468.7,True,TN03D9766,0.98,TN03D9766,accepted,189.1,,
200,5,auto,1382,324,1919,1020,1567,615,1678,689,0.381,478.5,True,TN03D9766,0.958,TN03D9766,accepted,243.6,,
210,5,auto,1381,333,1919,1019,1566,626,1680,702,0.37,544.1,True,TN03D9766,0.985,TN03D9766,accepted,185.8,,
210,5,auto,1381,333,1919,1019,1563,622,1688,744,0.292,544.1,True,TN03D9766,0.978,TN03D9766,accepted,179.5,,
225,5,auto,1385,331,1920,1021,1566,615,1683,700,0.266,485.1,True,TN03D9766,0.986,TN03D9766,accepted,190.6,,
230,5,auto,1379,333,1918,1021,1566,615,1680,696,0.305,551.5,True,TN03D9766,0.986,TN03D9766,accepted,180.5,,
235,5,auto,1387,331,1919,1024,1567,617,1683,703,0.411,499.3,True,TN03D9766,0.988,TN03D9766,accepted,230.4,,
235,5,auto,1387,331,1919,1024,1562,614,1689,751,0.4,499.3,True,TN03,0.92,,rejected,133.2,,
240,5,auto,1385,334,1919,1023,1570,624,1680,697,0.398,478.6,True,TN03D9766,0.979,TN03D9766,accepted,183.9,,
245,5,auto,1389,338,1919,1028,1568,622,1683,709,0.357,491.1,True,TN03D9766,0.986,TN03D9766,accepted,178.4,,
245,5,auto,1389,338,1919,1028,1566,620,1688,747,0.308,491.1,True,TN0309766,0.93,TN03O9766,accepted,221.7,,
250,5,auto,1389,338,1919,1028,1571,626,1686,711,0.547,478.4,True,9700,0.532,,rejected,141.5,,
250,11,car,858,385,1108,558,911,495,974,520,0.366,478.4,True,,,,no_text,78,,
255,5,auto,1394,337,1919,1030,1575,625,1687,704,0.544,503,True,TN03D9766,0.98,TN03D9766,accepted,190.7,,
255,5,auto,1394,337,1919,1030,1573,622,1689,733,0.456,503,True,TN03D9766,0.973,TN03D9766,accepted,179,,
255,11,car,754,383,1070,593,817,518,895,547,0.305,503,True,TN41AR002,0.632,TN41AR002,accepted,169.5,,
260,5,auto,1395,340,1919,1020,1576,628,1687,697,0.35,517.7,True,TN03D9766,0.976,TN03D9766,accepted,189.4,,
265,12,car,58,379,844,841,141,688,286,733,0.723,475.6,True,IN41AR0082,0.937,TN41AR0082,accepted,167,,
265,5,auto,1400,342,1919,1023,1586,628,1694,697,0.334,475.6,True,TN03D9766,0.976,TN03D9766,accepted,198.9,,
275,5,auto,1403,338,1919,1015,1585,618,1713,755,0.293,518.1,True,TN0309766,0.943,TN03O9766,accepted,222.3,,
285,5,auto,1403,335,1919,1017,1591,620,1703,699,0.252,476.1,True,TN03D9766,0.986,TN03D9766,accepted,184.5,,
295,5,auto,1403,338,1919,1018,1582,620,1715,756,0.263,506.1,True,TN03D9766LPG,0.926,,rejected,400.8,,
305,5,auto,1404,333,1919,1017,1589,612,1707,733,0.315,531.9,True,N703,0.644,,rejected,180.1,,
350,13,auto,1402,333,1919,1019,1590,617,1703,695,0.253,474.1,True,TN03D9766,0.982,TN03D9766,accepted,187.3,,
365,13,auto,1401,331,1920,1015,1590,617,1708,710,0.361,507.8,True,TN03D9766,0.984,TN03D9766,accepted,176.9,,
365,13,auto,1401,331,1920,1015,1587,615,1714,750,0.337,507.8,True,,,,no_text,134.7,,
415,14,motorcycle,1048,443,1176,637,1081,492,1135,520,0.331,469.9,True,NRIR,0.57,,rejected,151.5,,
420,15,motorcycle,602,534,947,1022,676,688,783,727,0.384,476.1,True,,,,no_text,68.7,,
420,14,motorcycle,1024,447,1162,671,1057,498,1121,527,0.365,476.1,True,,,,no_text,73.2,,
420,14,motorcycle,1024,447,1162,671,1055,502,1117,534,0.322,476.1,True,,,,no_text,174,,
425,14,motorcycle,970,463,1143,722,1000,527,1069,563,0.4,461.8,True,,,,no_text,53.9,,
430,16,car,290,388,871,729,354,613,473,648,0.548,574.4,True,TN370F3523,0.956,TN37OF3523,accepted,173.7,,
430,17,auto,1432,340,1919,1028,1619,623,1740,706,0.415,574.4,True,TN03D9766,0.974,TN03D9766,accepted,204.8,,
430,14,motorcycle,909,474,1106,783,946,542,1025,581,0.322,574.4,True,,,,no_text,59.6,,
435,18,car,0,395,740,866,0,709,56,752,0.69,477.6,True,3523,0.884,,rejected,140.4,,
435,14,motorcycle,814,481,1069,882,860,595,950,635,0.311,477.6,True,OTNIOB75351,0.814,,rejected,212.8,,
440,15,motorcycle,660,518,1008,1032,726,661,824,707,0.487,482.9,True,TN108Y5351,0.854,TN10BY5351,accepted,190.9,,
445,19,motorcycle,241,592,870,1077,359,824,490,906,0.727,480.1,True,TH108Y5351,0.906,TN10BY5351,accepted,198.6,,
485,20,car,1021,397,1196,520,1064,472,1106,490,0.367,484.4,True,,,,no_text,58.8,,
490,21,auto,1459,335,1920,1026,1644,626,1756,706,0.486,538.4,True,,,,no_text,203.9,,
490,20,car,975,395,1173,535,1018,482,1071,504,0.361,538.4,True,,,,no_text,185.6,,
495,21,auto,1464,332,1920,1025,1649,627,1765,699,0.556,554.9,True,TN03D9766,0.972,TN03D9766,accepted,272,,
495,21,auto,1464,332,1920,1025,1646,623,1768,721,0.331,554.9,True,TN03D9766,0.986,TN03D9766,accepted,186.6,,
495,20,car,920,394,1150,552,964,495,1019,515,0.277,554.9,True,,,,no_text,175.8,,
500,20,car,842,389,1118,573,893,510,955,533,0.451,541.8,True,TR09NT8535,0.599,TR09NT8535,accepted,162.1,,
500,21,auto,1474,328,1920,1024,1659,619,1771,696,0.431,541.8,True,TN03D9766,0.97,TN03D9766,accepted,195.1,,
505,21,auto,1480,326,1920,1023,1660,616,1778,697,0.395,475.8,True,TN03D9766,0.972,TN03D9766,accepted,226.4,,
505,21,auto,1480,326,1920,1023,1653,612,1785,754,0.289,475.8,True,TN03D9766LPC,0.908,,rejected,222.2,,
505,20,car,659,392,1043,627,714,552,802,580,0.278,475.8,True,T09BT8535,0.755,,rejected,175.5,,
510,20,car,439,388,963,696,496,603,605,637,0.418,469.4,True,TH09BT8535,0.855,TN09BT8535,accepted,168.8,,
510,21,auto,1479,328,1920,1024,1659,614,1776,696,0.379,469.4,True,TN03D9766,0.977,TN03D9766,accepted,197.2,,
510,21,auto,1479,328,1920,1024,1654,611,1785,751,0.265,469.4,True,TN03D9766,0.928,TN03D9766,accepted,177.6,,
515,22,car,40,393,836,815,83,689,224,739,0.678,463.3,True,,,,no_text,167.4,,
515,21,auto,1474,329,1920,1023,1658,614,1773,694,0.35,463.3,True,TN03D9766,0.99,TN03D9766,accepted,194.9,,
520,21,auto,1474,330,1920,1028,1657,617,1772,700,0.312,475.2,True,TN03D9766,0.98,TN03D9766,accepted,186,,
525,21,auto,1478,329,1920,1029,1660,618,1777,700,0.253,456.6,True,TN03D9766,0.966,TN03D9766,accepted,181.6,,
530,21,auto,1473,327,1920,1026,1657,613,1777,706,0.354,466.2,True,TN03D9766,0.974,TN03D9766,accepted,224.3,,
530,21,auto,1473,327,1920,1026,1652,609,1784,756,0.271,466.2,True,,,,no_text,141.1,,
535,21,auto,1475,327,1920,1026,1661,612,1776,698,0.292,493.5,True,TN03D9766,0.978,TN03D9766,accepted,174.2,,
540,21,auto,1478,326,1920,1024,1661,614,1779,694,0.304,463.2,True,TN03D9766,0.991,TN03D9766,accepted,189.2,,
545,21,auto,1475,327,1920,1025,1662,615,1775,698,0.393,466.6,True,TN03D9766,0.968,TN03D9766,accepted,180,,
545,21,auto,1475,327,1920,1025,1657,610,1785,751,0.255,466.6,True,ATN03D9766,0.889,TN03D9766,accepted,367.7,,
550,21,auto,1476,328,1920,1026,1661,613,1779,703,0.332,484,True,TN03D9766,0.975,TN03D9766,accepted,187,,
550,21,auto,1476,328,1920,1026,1656,609,1785,754,0.305,484,True,,,,no_text,134.2,,
555,21,auto,1475,328,1920,1027,1656,620,1770,702,0.345,474.4,True,TN03D9766,0.983,TN03D9766,accepted,179.2,,
560,21,auto,1474,330,1920,1027,1658,620,1772,702,0.323,493.3,True,TN03D9766,0.982,TN03D9766,accepted,180.4,,
565,21,auto,1475,332,1920,1029,1657,619,1775,705,0.276,475.9,True,TN03D9766,0.978,TN03D9766,accepted,179.7,,
570,21,auto,1478,333,1920,1030,1660,620,1782,714,0.32,469.8,True,TN03D9766,0.985,TN03D9766,accepted,175.4,,
570,21,auto,1478,333,1920,1030,1658,617,1787,752,0.296,469.8,True,TN03D9766,0.947,TN03D9766,accepted,272.4,,
575,21,auto,1472,332,1920,1030,1654,624,1770,710,0.384,486.4,True,TN03D9766,0.986,TN03D9766,accepted,183.6,,
575,21,auto,1472,332,1920,1030,1653,622,1775,747,0.31,486.4,True,TN03,0.948,,rejected,144.2,,
580,21,auto,1475,333,1920,1030,1656,622,1776,720,0.339,485.4,True,TN03D9766,0.977,TN03D9766,accepted,176.9,,
580,21,auto,1475,333,1920,1030,1651,620,1780,753,0.306,485.4,True,TN03D9766,0.952,TN03D9766,accepted,240.5,,
600,21,auto,1454,342,1920,1038,1640,633,1753,707,0.332,483.6,True,TN03D9766,0.982,TN03D9766,accepted,195.7,,
605,21,auto,1441,345,1920,1047,1631,635,1740,709,0.476,469.9,True,TN03D9766,0.99,TN03D9766,accepted,191.8,,
610,21,auto,1436,342,1920,1040,1621,633,1736,707,0.477,480,True,TN03D9766,0.975,TN03D9766,accepted,203.6,,
615,21,auto,1433,341,1920,1034,1616,634,1731,707,0.461,535,True,TN03D9766,0.982,TN03D9766,accepted,252.4,,
620,21,auto,1429,344,1919,1040,1612,635,1720,706,0.292,684.1,True,TN03D9766,0.986,TN03D9766,accepted,190.4,,
625,21,auto,1428,343,1920,1043,1610,634,1722,709,0.437,698.7,True,TN03D9766,0.981,TN03D9766,accepted,168.3,,
630,21,auto,1426,343,1920,1044,1610,635,1721,708,0.469,508.3,True,TN03D9766,0.98,TN03D9766,accepted,236.3,,
635,21,auto,1430,344,1920,1045,1614,632,1728,715,0.614,499.4,True,TN03D9766,0.949,TN03D9766,accepted,181.7,,
640,21,auto,1428,343,1920,1045,1610,631,1729,719,0.537,502.7,True,TN03D9766,0.978,TN03D9766,accepted,201.3,,
640,21,auto,1428,343,1920,1045,1604,629,1733,764,0.266,502.7,True,TN03D9766,0.946,TN03D9766,accepted,228,,
645,21,auto,1429,346,1920,1048,1618,633,1731,713,0.523,539.3,True,TN03D9766,0.96,TN03D9766,accepted,194.8,,
650,21,auto,1429,347,1920,1055,1615,636,1732,722,0.471,757.2,True,TN03D9766,0.966,TN03D9766,accepted,197.5,,
655,21,auto,1430,348,1920,1057,1615,638,1725,723,0.636,652.3,True,TN03D9766,0.957,TN03D9766,accepted,175.1,,
660,21,auto,1430,348,1920,1055,1617,636,1730,720,0.493,467,True,TN03D9766,0.973,TN03D9766,accepted,178.9,,
665,21,auto,1430,350,1920,1058,1616,644,1725,719,0.61,483.1,True,TN03D9766,0.991,TN03D9766,accepted,185.4,,
670,21,auto,1432,350,1920,1057,1617,640,1729,724,0.584,484,True,TN03D9766,0.98,TN03D9766,accepted,231,,
675,21,auto,1431,352,1919,1061,1615,649,1729,724,0.429,492.3,True,TN03D9766,0.973,TN03D9766,accepted,185,,
680,21,auto,1429,355,1920,1061,1615,644,1728,725,0.314,479.9,True,TN03D9766,0.987,TN03D9766,accepted,186.1,,
685,21,auto,1431,354,1919,1062,1617,649,1735,726,0.416,483.5,True,TN03D9766,0.99,TN03D9766,accepted,180.6,,
690,21,auto,1427,344,1920,1050,1616,634,1728,709,0.512,475.9,True,TN03D9766,0.982,TN03D9766,accepted,229.9,,
695,21,auto,1427,336,1920,1036,1616,628,1733,705,0.471,475.1,True,TN03D9766,0.984,TN03D9766,accepted,186.4,,
700,21,auto,1429,337,1920,1035,1616,626,1732,706,0.497,489.3,True,TN03D9766,0.972,TN03D9766,accepted,185.1,,
700,21,auto,1429,337,1920,1035,1615,621,1736,738,0.424,489.3,True,TN03D9766,0.964,TN03D9766,accepted,225.1,,
705,21,auto,1425,337,1920,1033,1607,622,1729,714,0.491,478.2,True,TN03D9766,0.963,TN03D9766,accepted,174,,
705,21,auto,1425,337,1920,1033,1603,625,1731,750,0.253,478.2,True,TN03D9766,0.949,TN03D9766,accepted,225.2,,
710,21,auto,1420,335,1920,1033,1610,625,1727,704,0.542,557.3,True,TN03D9766,0.981,TN03D9766,accepted,182.9,,
710,21,auto,1420,335,1920,1033,1609,620,1733,732,0.382,557.3,True,TN03D9766,0.939,TN03D9766,accepted,179.5,,
715,21,auto,1428,336,1920,1030,1610,626,1727,705,0.543,478.9,True,TN03D9766,0.975,TN03D9766,accepted,183.4,,
715,21,auto,1428,336,1920,1030,1608,622,1730,729,0.36,478.9,True,TN03D9766,0.961,TN03D9766,accepted,221.7,,
720,21,auto,1426,335,1920,1028,1607,620,1727,706,0.432,492.8,True,TN03D9766,0.971,TN03D9766,accepted,236.4,,
720,21,auto,1426,335,1920,1028,1605,617,1734,739,0.29,492.8,True,TN03D9766,0.977,TN03D9766,accepted,180.3,,
725,21,auto,1427,334,1920,1024,1605,620,1726,715,0.614,483.7,True,TN03D9766,0.979,TN03D9766,accepted,187.5,,
725,21,auto,1427,334,1920,1024,1603,618,1732,753,0.525,483.7,True,LP,0.77,,rejected,234.5,,
730,21,auto,1424,336,1920,1022,1607,615,1726,734,0.541,488.2,True,,,,no_text,141,,
735,21,auto,1424,329,1920,1021,1607,616,1726,714,0.569,485.4,True,TN03D9766,0.988,TN03D9766,accepted,178.6,,
735,21,auto,1424,329,1920,1021,1603,613,1734,751,0.485,485.4,True,,,,no_text,137.2,,
740,21,auto,1424,332,1920,1021,1607,616,1725,708,0.543,497.2,True,TN03D9766,0.981,TN03D9766,accepted,187.9,,
740,21,auto,1424,332,1920,1021,1603,612,1734,751,0.41,497.2,True,TN03D9766,0.917,TN03D9766,accepted,182.9,,
745,21,auto,1426,328,1919,1021,1611,613,1728,712,0.528,515.5,True,TN03D9766,0.971,TN03D9766,accepted,178.2,,
745,21,auto,1426,328,1919,1021,1606,611,1734,753,0.429,515.5,True,,,,no_text,136,,
750,21,auto,1423,328,1920,1019,1612,616,1721,693,0.442,488,True,TN03D9766,0.955,TN03D9766,accepted,235,,
755,21,auto,1424,330,1920,1021,1609,617,1720,698,0.49,506,True,TN03D9766,0.981,TN03D9766,accepted,185.6,,
755,21,auto,1424,330,1920,1021,1602,616,1726,750,0.251,506,True,ATN03D9766,0.903,TN03D9766,accepted,237.8,,
760,21,auto,1424,330,1919,1020,1611,614,1722,692,0.293,487.5,True,TN03D9766,0.961,TN03D9766,accepted,198.5,,
765,21,auto,1427,331,1920,1021,1609,615,1726,719,0.509,486.8,True,TN03D9766,0.952,TN03D9766,accepted,193.1,,
765,21,auto,1427,331,1920,1021,1604,612,1733,753,0.47,486.8,True,,,,no_text,135,,
770,21,auto,1427,329,1920,1020,1612,615,1726,692,0.535,489.9,True,TN03D9766,0.981,TN03D9766,accepted,187.9,,
775,21,auto,1427,323,1920,1017,1611,608,1728,692,0.507,475.5,True,TN03D9766,0.962,TN03D9766,accepted,192.3,,
785,21,auto,1435,315,1920,1011,1614,602,1729,686,0.298,493.3,True,TN03D9766,0.968,TN03D9766,accepted,192.6,,
795,23,motorcycle,947,415,1109,687,976,461,1059,498,0.358,486,True,,,,no_text,63.3,,
795,23,motorcycle,947,415,1109,687,964,474,1065,511,0.304,486,True,,,,no_text,86.7,,
795,21,auto,1436,309,1919,1009,1622,600,1739,680,0.275,486,True,TN03D9766,0.988,TN03D9766,accepted,198.8,,
800,24,motorcycle,723,448,989,871,746,549,848,578,0.605,486.8,True,,,,no_text,173.9,,
800,24,motorcycle,723,448,989,871,748,542,853,583,0.481,486.8,True,,,,no_text,185.9,,
800,23,motorcycle,1074,347,1231,633,1102,533,1158,567,0.441,486.8,True,,,,no_text,58.5,,
800,23,motorcycle,1074,347,1231,633,1097,458,1173,483,0.414,486.8,True,,,,no_text,90.4,,
800,21,auto,1441,305,1919,1006,1632,596,1746,675,0.355,486.8,True,TN03D9766,0.985,TN03D9766,accepted,201.4,,
800,23,car,1050,271,1256,470,1100,453,1174,477,0.299,486.8,True,,,,no_text,77.4,,
805,23,motorcycle,976,393,1173,713,1005,489,1101,519,0.649,485.3,True,,,,no_text,69.8,,
805,21,auto,1439,303,1919,1008,1630,590,1752,682,0.257,485.3,True,TN03D9766,0.987,TN03D9766,accepted,199.7,,
810,24,motorcycle,817,414,1100,849,846,529,958,574,0.551,480.1,True,,,,no_text,66.2,,
810,21,auto,1437,299,1919,1005,1638,588,1756,670,0.279,480.1,True,TN03D9766,0.983,TN03D9766,accepted,206.1,,
815,25,motorcycle,459,463,945,1077,507,652,673,698,0.604,484.1,True,,,,no_text,168.9,,
815,21,auto,1438,299,1919,1002,1639,586,1754,669,0.407,484.1,True,TN03D9766,0.972,TN03D9766,accepted,203.1,,
815,23,bus,915,226,1197,502,978,446,1045,471,0.374,484.1,True,,,,no_text,169.7,,
820,23,bus,827,202,1170,526,909,463,988,490,0.675,475.9,True,N23AP4115,0.722,MZ3AP4115,accepted,169.7,,
820,26,motorcycle,524,427,791,721,561,489,625,520,0.493,475.9,True,,,,no_text,65,,
820,21,auto,1448,298,1919,1001,1644,589,1760,667,0.376,475.9,True,TN03D9766,0.982,TN03D9766,accepted,209.9,,
825,23,van,722,175,1141,549,823,478,907,511,0.534,511.7,True,TN23AP4115,0.918,TN23AP4115,accepted,168.8,,
825,21,auto,1458,297,1919,1000,1644,588,1760,660,0.356,511.7,True,TN03D9766,0.98,TN03D9766,accepted,210.4,,
830,23,bus,571,139,1093,588,688,507,786,542,0.592,502.4,True,TN23AP4115,0.945,TN23AP4115,accepted,163.8,,
830,21,auto,1452,293,1919,995,1647,589,1761,659,0.396,502.4,True,TN03D9766,0.989,TN03D9766,accepted,201.3,,
835,26,bus,338,92,1034,642,471,544,599,594,0.539,590.9,True,TN23AP4115,0.962,TN23AP4115,accepted,164.9,,
835,21,auto,1454,294,1919,998,1642,585,1759,663,0.252,590.9,True,TN03D9766,0.984,TN03D9766,accepted,245.7,,
840,27,bus,15,26,958,725,177,595,339,660,0.503,490.2,True,TN23AP4115,0.883,TN23AP4115,accepted,164,,
840,28,auto,1083,324,1183,455,1162,430,1202,451,0.351,490.2,True,,,,no_text,65.5,,
840,21,auto,1453,292,1919,995,1646,586,1759,661,0.274,490.2,True,TN03D9766,0.983,TN03D9766,accepted,214,,
840,29,bus,15,26,958,725,367,278,492,312,0.255,490.2,True,9341332291,0.959,,rejected,186.3,,
845,21,auto,1450,295,1919,996,1642,586,1760,664,0.349,548.9,True,TN03D9766,0.966,TN03D9766,accepted,186.5,,
845,28,auto,1090,319,1243,510,1128,442,1164,469,0.33,548.9,True,,,,no_text,46.4,,
850,21,auto,1450,292,1920,993,1646,587,1758,658,0.266,493.2,True,TN03D9766,0.976,TN03D9766,accepted,237.5,,
865,30,car,1215,330,1404,486,1264,428,1316,450,0.306,511.6,True,,,,no_text,138.1,,
870,30,car,1196,325,1396,495,1246,435,1305,458,0.295,482.9,True,,,,no_text,167.8,,
875,30,car,1157,321,1383,509,1211,440,1278,464,0.406,499.6,True,,,,no_text,167.5,,
880,30,car,1127,320,1375,524,1188,449,1261,474,0.59,488.8,True,,,,no_text,177,,
880,31,auto,291,260,754,705,359,431,407,470,0.384,488.8,True,,,,no_text,46.8,,
880,32,auto,1456,288,1919,993,1644,586,1758,658,0.268,488.8,True,TN03D9766,0.971,TN03D9766,accepted,207.6,,
885,30,car,1085,315,1363,547,1150,467,1229,494,0.546,479.6,True,TNOZAT8104,0.627,TN02AT8104,accepted,166.9,,
890,30,car,1031,313,1346,567,1104,477,1191,507,0.4,486.9,True,TNDZATB104,0.763,,rejected,183.8,,
895,30,car,974,306,1328,592,1055,491,1153,525,0.558,489.5,True,ETNOZATO104,0.764,TN02AT0104,accepted,170.1,,
895,33,motorcycle,554,417,818,731,605,479,666,521,0.306,489.5,True,,,,no_text,54.1,,
900,30,car,881,302,1307,639,974,524,1086,562,0.536,480.6,True,PIN04AY8104,0.862,TN04AY8104,accepted,164.6,,
905,30,car,775,298,1279,686,881,560,1008,602,0.519,484.1,True,TN04AY8104,0.887,TN04AY8104,accepted,167.7,,
910,30,car,623,293,1248,765,740,600,895,655,0.604,501.9,True,TN04AY8104,0.909,TN04AY8104,accepted,167.3,,
915,30,car,377,282,1207,889,508,681,706,749,0.671,516.6,True,TNO4AY8104,0.947,TN04AY8104,accepted,163.6,,
920,34,car,0,253,1154,1077,69,855,331,963,0.763,477.7,True,TN04AY8104,0.931,TN04AY8104,accepted,165.4,,
935,35,car,638,317,1017,568,700,480,786,529,0.335,500.9,True,M128J9333,0.904,ML28J9333,accepted,150.9,,
940,36,auto,1452,289,1920,990,1645,587,1757,656,0.278,488,True,TN03D9766,0.982,TN03D9766,accepted,189.6,,
940,35,car,513,312,967,602,579,503,673,548,0.264,488,True,TW128J9333,0.864,WB28J9333,accepted,161.3,,
945,36,auto,1452,289,1920,990,1644,586,1760,658,0.363,492,True,TN03D9766,0.976,TN03D9766,accepted,192.4,,
945,35,car,289,304,882,665,354,544,470,591,0.258,492,True,TH12BJ9333,0.894,TN12BJ9333,accepted,167.6,,
950,37,car,0,300,763,765,0,615,116,663,0.699,477.8,True,0128J9333,0.882,MZ8J9333,accepted,168.1,,
950,38,motorcycle,942,415,1092,634,970,472,1021,495,0.272,477.8,True,,,,no_text,173.4,,
955,38,motorcycle,833,423,1024,697,860,510,931,541,0.565,493.5,True,E4,0.577,,rejected,162.2,,
955,36,auto,1452,291,1920,991,1645,586,1757,657,0.26,493.5,True,TN03D9766,0.981,TN03D9766,accepted,248.6,,
960,38,motorcycle,657,447,914,803,689,551,785,579,0.582,546.1,True,TNC9EZ1784,0.65,NL9EZ1784,accepted,170.6,,
960,39,car,1061,331,1269,503,1105,450,1177,473,0.426,546.1,True,,,,no_text,192.4,,
960,36,auto,1451,289,1919,992,1645,587,1756,656,0.272,546.1,True,TN03D9766,0.985,TN03D9766,accepted,246.4,,
965,40,motorcycle,200,499,699,1042,284,660,425,699,0.426,478.3,True,,,,no_text,172.8,,
965,39,car,1011,330,1244,520,1060,462,1137,487,0.302,478.3,True,1C012374,0.613,,rejected,189,,
970,39,car,969,329,1229,536,1025,472,1106,501,0.417,479.7,True,RN10873374,0.649,,rejected,167.6,,
975,39,car,919,324,1206,553,981,487,1063,515,0.386,480.1,True,ETN108Y3974,0.651,TN10BY3974,accepted,161.7,,
975,40,motorcycle,73,444,550,879,270,547,340,576,0.253,480.1,True,,,,no_text,70.4,,
980,39,car,837,326,1178,585,902,509,993,543,0.372,525.3,True,FTM10BY3974,0.802,TN10BY3974,accepted,166.9,,
985,39,car,726,320,1137,626,798,536,904,576,0.415,480.6,True,FTN10BY3974,0.918,TN10BY3974,accepted,163,,
990,39,car,567,316,1085,685,648,581,771,623,0.578,477.2,True,TN10BY3974,0.897,TN10BY3974,accepted,165.3,,
995,39,car,369,309,1028,764,449,636,595,683,0.585,483.3,True,FTN10BV3974,0.861,TN10BV3974,accepted,172.3,,
1000,41,car,43,298,946,888,122,731,296,791,0.74,492.9,True,TM10B13974,0.884,TN10BI3974,accepted,176.8,,
1015,42,car,1045,344,1199,460,1083,415,1124,433,0.374,485.6,True,,,,no_text,65.2,,
1020,42,car,1013,342,1181,468,1055,419,1095,437,0.369,478.4,True,,,,no_text,57.6,,
1020,43,auto,1452,287,1920,991,1644,585,1761,660,0.283,478.4,True,TN03D9766,0.984,TN03D9766,accepted,208.5,,
1025,42,car,978,342,1165,478,1018,427,1067,447,0.605,482.2,True,SEPE,0.552,,rejected,164.9,,
1030,42,car,941,342,1145,489,982,435,1037,456,0.371,490.1,True,,,,no_text,166.8,,
1030,43,auto,1455,289,1919,991,1646,587,1760,660,0.335,490.1,True,TN03D9766,0.97,TN03D9766,accepted,246.4,,
1035,42,car,897,342,1122,500,943,442,1000,464,0.462,516.4,True,,,,no_text,161.2,,
1035,43,auto,1458,292,1920,990,1645,586,1760,660,0.337,516.4,True,TN03D9766,0.987,TN03D9766,accepted,244.8,,
1040,42,car,846,339,1092,513,896,450,955,473,0.48,483.8,True,,,,no_text,161.7,,
1045,42,car,782,337,1061,526,837,462,903,485,0.355,482,True,,,,no_text,165.6,,
1050,42,car,706,336,1029,552,760,474,834,500,0.302,492.9,True,735,0.793,,rejected,162.6,,
1055,44,unknown,,,,,1384,445,1422,465,0.349,478.4,True,,,,no_text,50.5,,
1055,42,car,585,336,973,586,640,499,726,528,0.32,478.4,True,TN07E3736,0.854,TN07E3736,accepted,188.1,,
1055,43,auto,1463,292,1920,989,1645,585,1760,658,0.283,478.4,True,TN03D9766,0.965,TN03D9766,accepted,188.9,,
1060,42,car,401,333,901,634,462,531,568,567,0.41,508.2,True,IN073736,0.888,TN073736,accepted,142.8,,
1060,43,auto,1464,294,1919,990,1645,585,1760,660,0.302,508.2,True,TN03D9766,0.976,TN03D9766,accepted,199,,
1065,45,car,59,329,774,726,122,593,252,635,0.609,493.6,True,IN03796,0.606,,rejected,170.8,,
1065,43,auto,1470,296,1919,990,1646,586,1759,660,0.289,493.6,True,TN03D9766,0.98,TN03D9766,accepted,199.2,,
1070,43,auto,1464,297,1919,991,1646,588,1756,659,0.407,539.2,True,TN03D9766,0.983,TN03D9766,accepted,195.3,,
1075,43,auto,1464,297,1919,993,1643,587,1757,663,0.409,486.2,True,TN03D9766,0.975,TN03D9766,accepted,185.2,,
1080,43,auto,1464,298,1919,993,1643,586,1756,661,0.363,486,True,TN03D9766,0.991,TN03D9766,accepted,188.5,,
1085,46,auto,373,253,918,866,392,530,428,568,0.36,487.5,True,,,,no_text,37,,
1085,43,auto,1450,296,1920,992,1643,585,1758,661,0.265,487.5,True,TN03D9766,0.971,TN03D9766,accepted,210.1,,
1090,43,auto,1454,295,1919,993,1644,589,1757,662,0.323,500.5,True,TN03D9766,0.977,TN03D9766,accepted,231.8,,
1095,43,auto,1454,293,1919,994,1650,589,1758,657,0.328,483.3,True,TN03D9766,0.98,TN03D9766,accepted,196.3,,
1100,43,auto,1441,296,1919,996,1646,586,1759,663,0.435,507.9,True,TN03D9766,0.984,TN03D9766,accepted,233.5,,
1105,43,auto,1444,294,1919,995,1649,587,1759,658,0.306,510.1,True,TN03D9766,0.973,TN03D9766,accepted,192.5,,
1110,43,auto,1459,293,1919,996,1648,587,1759,659,0.316,471.3,True,TN03D9766,0.97,TN03D9766,accepted,184.3,,
1115,43,auto,1459,294,1919,995,1644,587,1759,662,0.378,521.5,True,TN03D9766,0.971,TN03D9766,accepted,186.8,,
1120,43,auto,1461,295,1919,997,1645,591,1758,662,0.37,525,True,TN03D9766,0.98,TN03D9766,accepted,194.2,,
1125,43,auto,1455,295,1919,996,1643,588,1754,661,0.315,482.2,True,TN03D9766,0.971,TN03D9766,accepted,180.4,,
1130,47,car,1083,348,1233,459,1118,415,1153,432,0.284,522.4,True,,,,no_text,56.9,,
1140,43,auto,1439,299,1920,992,1627,588,1733,659,0.391,508.1,True,TN03D9766,0.975,TN03D9766,accepted,187.6,,
1140,47,car,1007,346,1186,479,1046,427,1091,445,0.388,508.1,True,,,,no_text,66.4,,
1145,43,auto,1438,299,1920,992,1626,587,1731,658,0.439,485.6,True,TN03D9766,0.969,TN03D9766,accepted,233.5,,
1145,47,car,973,347,1169,488,1019,431,1067,452,0.256,485.6,True,,,,no_text,61.5,,
1150,43,auto,1440,299,1920,991,1625,587,1732,658,0.341,497.4,True,TN03D9766,0.989,TN03D9766,accepted,196.4,,
1150,47,car,940,343,1150,496,984,440,1040,459,0.312,497.4,True,,,,no_text,175.1,,
1155,43,auto,1442,299,1919,992,1626,588,1732,658,0.415,487.1,True,TN03D9766,0.978,TN03D9766,accepted,234.1,,
1155,47,car,894,344,1129,509,943,449,1002,472,0.319,487.1,True,51812,0.582,,rejected,167.7,,
1160,47,car,778,340,1076,544,837,467,909,494,0.38,487.1,True,TN03CS1812,0.767,TN03CS1812,accepted,171.1,,
1160,43,auto,1438,298,1920,992,1624,586,1731,660,0.326,487.1,True,TN03D9766,0.983,TN03D9766,accepted,239.9,,
1165,43,auto,1440,299,1920,991,1621,589,1732,662,0.589,478.2,True,TN03D9766,0.985,TN03D9766,accepted,184.2,,
1165,48,car,1122,332,1303,502,1172,441,1229,462,0.388,478.2,True,,,,no_text,170.9,,
1165,47,car,695,338,1038,568,759,487,838,514,0.26,478.2,True,ETN03CS1812,0.859,TN03CS1812,accepted,182.7,,
1170,48,car,1087,330,1292,522,1144,449,1208,473,0.528,487.6,True,,,,no_text,172.8,,
1170,43,auto,1438,299,1920,990,1622,587,1731,662,0.462,487.6,True,TN03D9766,0.969,TN03D9766,accepted,241.6,,
1170,47,car,560,333,987,610,629,514,723,548,0.259,487.6,True,STN09CS1812,0.929,TN09CS1812,accepted,167.6,,
1175,43,auto,1436,299,1920,992,1621,590,1731,664,0.601,511.2,True,TN03D9766,0.965,TN03D9766,accepted,182.7,,
1175,48,car,1045,329,1284,547,1110,466,1181,493,0.578,511.2,True,ETNDSOB4397,0.533,,rejected,174.6,,
1175,47,car,352,328,916,672,426,558,538,598,0.429,511.2,True,FTN09CS1812,0.912,TN09CS1812,accepted,178.9,,
1180,49,car,1,323,776,790,1,647,141,695,0.767,483,True,TH09CS1812,0.9,TN09CS1812,accepted,161.3,,
1180,48,car,974,322,1266,584,1047,489,1136,520,0.584,483,True,FTNO5084398,0.798,TN05OB4398,accepted,181.2,,
1180,43,auto,1439,299,1920,992,1624,587,1732,662,0.494,483,True,TN03D9766,0.985,TN03D9766,accepted,233.1,,
1185,43,auto,1439,299,1920,992,1623,589,1730,661,0.576,505.3,True,TN03D9766,0.973,TN03D9766,accepted,186.5,,
1185,48,car,879,318,1243,641,966,523,1070,557,0.574,505.3,True,PTNO50B4398,0.848,TN05OB4398,accepted,174.6,,
1190,48,car,760,312,1218,708,857,572,989,612,0.656,476,True,TN05DB4398,0.857,TN05DB4398,accepted,164.5,,
1190,43,auto,1440,301,1920,990,1626,587,1731,659,0.53,476,True,TN03D9766,0.973,TN03D9766,accepted,195.4,,
1195,48,car,482,295,1162,865,610,661,794,718,0.663,485.8,True,TN05DB4398,0.859,TN05DB4398,accepted,175.9,,
1195,43,auto,1441,300,1920,988,1624,590,1730,658,0.533,485.8,True,TN03D9766,0.99,TN03D9766,accepted,210,,
1205,43,auto,1436,299,1920,992,1623,590,1731,661,0.559,557,True,TN03D9766,0.987,TN03D9766,accepted,189.3,,
1210,43,auto,1435,299,1920,993,1620,591,1731,662,0.563,474.2,True,TN03D9766,0.975,TN03D9766,accepted,190.8,,
1215,43,auto,1436,299,1920,994,1621,588,1733,663,0.56,485.2,True,TN03D9766,0.974,TN03D9766,accepted,198.6,,
1220,43,auto,1436,300,1920,994,1622,588,1731,662,0.492,485.8,True,TN03D9766,0.982,TN03D9766,accepted,182.9,,
1225,43,auto,1435,298,1920,994,1622,589,1730,661,0.406,483.2,True,TN03D9766,0.991,TN03D9766,accepted,192.3,,
1230,43,auto,1431,299,1920,994,1622,590,1730,662,0.512,510.9,True,TN03D9766,0.978,TN03D9766,accepted,184.3,,
1235,43,auto,1435,301,1920,995,1621,588,1732,664,0.57,466.5,True,TN03D9766,0.977,TN03D9766,accepted,229.8,,
1240,43,auto,1441,300,1920,992,1617,587,1728,663,0.585,480.4,True,TN03D9766,0.96,TN03D9766,accepted,234.6,,
1240,50,car,1161,350,1339,483,1205,430,1253,447,0.341,480.4,True,,,,no_text,75.8,,
1245,43,auto,1439,302,1920,992,1617,589,1726,661,0.623,490,True,TN03D9766,0.99,TN03D9766,accepted,198.7,,
1250,43,auto,1443,301,1919,993,1615,587,1726,664,0.63,480.7,True,TN03D9766,0.973,TN03D9766,accepted,226.5,,
1250,50,car,1105,340,1299,497,1152,443,1206,460,0.263,480.7,True,,,,no_text,82.2,,
1255,43,auto,1434,302,1920,993,1619,587,1727,660,0.489,491.3,True,TN03D9766,0.982,TN03D9766,accepted,190.7,,
1260,43,auto,1433,302,1920,992,1620,587,1727,662,0.434,580.8,True,TN03D9766,0.986,TN03D9766,accepted,170.8,,
1265,43,auto,1434,301,1920,993,1618,590,1728,663,0.601,499.7,True,TN03D9766,0.981,TN03D9766,accepted,228.6,,
1270,43,auto,1433,301,1920,995,1618,589,1727,661,0.647,493.3,True,TN03D9766,0.982,TN03D9766,accepted,190.1,,
1275,43,auto,1436,300,1920,994,1618,587,1727,659,0.547,474.6,True,TN03D9766,0.977,TN03D9766,accepted,182.4,,
1275,51,auto,1436,300,1920,994,1690,758,1817,838,0.282,474.6,True,,,,no_text,48.2,,
1280,43,auto,1438,299,1920,992,1618,587,1725,659,0.464,481.3,True,TN03D9766,0.985,TN03D9766,accepted,233.6,,
1280,52,motorcycle,696,462,1073,1006,775,639,901,697,0.278,481.3,True,TNO5AL3631,0.917,TN05AL3631,accepted,248.5,,
1285,52,motorcycle,580,484,999,1076,649,729,823,786,0.406,479.5,True,TN05AT3631,0.977,TN05AT3631,accepted,174.2,,
1285,43,auto,1438,294,1919,987,1616,586,1727,658,0.353,479.5,True,TN03D9766,0.983,TN03D9766,accepted,210.8,,
1290,43,auto,1436,293,1919,988,1614,587,1716,655,0.269,472.4,True,TN03D9766,0.97,TN03D9766,accepted,182.7,,
1300,53,car,391,310,1085,866,451,662,623,713,0.692,471.9,True,TN976500,0.842,TN976500,accepted,171.4,,
1300,43,auto,1431,300,1920,990,1606,591,1714,657,0.498,471.9,True,TN03D9766,0.984,TN03D9766,accepted,200.5,,
1305,54,car,140,309,1049,960,246,731,455,799,0.672,478.9,True,TN976500,0.982,TN976500,accepted,166.4,,
1305,43,auto,1431,299,1920,990,1605,587,1712,657,0.336,478.9,True,TN03D9766,0.984,TN03D9766,accepted,199.8,,
1310,43,auto,1428,300,1920,989,1604,588,1714,658,0.421,534.7,True,TN03D9766,0.989,TN03D9766,accepted,186.3,,
1315,43,auto,1431,299,1920,991,1609,590,1708,657,0.296,477.9,True,TN03D9766,0.974,TN03D9766,accepted,228.7,,
1320,43,auto,1431,297,1920,991,1605,590,1719,670,0.455,504.9,True,TN03D9766,0.975,TN03D9766,accepted,177.6,,
1325,43,auto,1425,298,1920,992,1602,592,1715,659,0.467,484.1,True,TN03D9766,0.979,TN03D9766,accepted,191,,
