frame_id,track_id,vehicle_type,vehicle_bbox_x1,vehicle_bbox_y1,vehicle_bbox_x2,vehicle_bbox_y2,plate_bbox_x1,plate_bbox_y1,plate_bbox_x2,plate_bbox_y2,plate_confidence,detect_inference_ms,ocr_ran,ocr_raw_text,ocr_confidence,ocr_validated_plate,ocr_status,ocr_inference_ms,,,
5,1,motorcycle,252,513,593,912,311,653,397,691,0.547,452.2,True,17055280,0.64,,rejected,364.1,,,s model
5,2,car,1124,410,1227,514,1137,470,1178,490,0.421,452.2,True,,,,no_text,77.8,,,
10,2,car,1091,419,1212,531,1114,487,1151,504,0.54,243,True,,,,no_text,52.4,,,
10,3,auto,1278,369,1803,1071,1463,671,1565,734,0.445,243,True,TN03D9766,0.989,TN03D9766,accepted,381.1,,,
15,2,car,1044,414,1193,544,1084,493,1124,511,0.564,223.8,True,,,,no_text,57.8,,,
15,3,auto,1283,369,1805,1070,1464,668,1570,734,0.361,223.8,True,TN03D9766,0.978,TN03D9766,accepted,209.6,,,
15,2,motorcycle,943,453,1052,628,960,495,1012,523,0.266,223.8,True,,,,no_text,55.5,,,
20,2,car,1003,408,1171,563,1045,503,1092,521,0.703,231.3,True,,,,no_text,196.7,,,
20,4,motorcycle,848,469,992,693,864,547,927,573,0.456,231.3,True,,,,no_text,88.1,,,
25,5,motorcycle,577,494,830,879,599,638,679,683,0.725,245.4,True,8999,0.609,,rejected,152.8,,,
25,2,car,929,407,1144,590,985,519,1046,545,0.709,245.4,True,,,,no_text,171.2,,,
25,5,motorcycle,577,494,830,879,634,542,696,571,0.424,245.4,True,,,,no_text,171.3,,,
30,2,car,871,411,1118,616,929,537,999,564,0.734,260.7,True,TN103L736,0.863,NL03L736,accepted,170.7,,,
30,6,motorcycle,82,547,610,1077,146,792,262,859,0.574,260.7,True,IN10CC0947,0.856,TN10CC0947,accepted,202.5,,,
30,7,motorcycle,82,547,610,1077,240,626,325,664,0.57,260.7,True,,,,no_text,59.9,,,
35,4,car,807,406,1092,645,870,553,950,585,0.765,260.7,True,AINTOBL7354,0.693,,rejected,159.8,,,
35,8,auto,1292,367,1813,1062,1473,659,1586,739,0.309,260.7,True,TN03D9766,0.983,TN03D9766,accepted,195.4,,,
40,2,car,658,401,1043,714,736,597,842,635,0.737,222.9,True,2TN108L7364,0.862,TN1OBL7364,accepted,294.4,,,
40,8,auto,1286,364,1819,1062,1474,666,1577,732,0.271,222.9,True,TN03D9766,0.98,TN03D9766,accepted,201.3,,,
45,2,car,492,393,997,780,589,641,720,686,0.806,216.4,True,ETN10BL7364,0.918,TN10BL7364,accepted,169.2,,,
45,8,auto,1288,362,1820,1061,1474,658,1586,746,0.475,216.4,True,,,,no_text,193.8,,,
50,9,car,215,380,928,897,336,721,504,774,0.744,216.2,True,FTN10BL7364,0.912,TN10BL7364,accepted,172.6,,,
50,8,auto,1283,358,1824,1061,1471,663,1575,729,0.386,216.2,True,TN03D9766,0.989,TN03D9766,accepted,198.3,,,
55,8,auto,1285,358,1825,1054,1470,662,1574,725,0.52,213.6,True,TN03D9766,0.988,TN03D9766,accepted,185.7,,,
60,8,auto,1292,353,1822,1048,1473,648,1581,742,0.473,229.8,True,TN03D9766,0.982,TN03D9766,accepted,264.3,,,
60,10,car,995,387,1144,512,1034,454,1072,468,0.289,229.8,True,,,,no_text,68.4,,,
65,8,auto,1286,351,1818,1045,1474,651,1570,714,0.598,224.5,True,TN03D9766,0.99,TN03D9766,accepted,184,,,
75,8,auto,1329,343,1874,1040,1528,638,1634,714,0.334,253.2,True,TN03D9766,0.968,TN03D9766,accepted,177.1,,,
80,10,car,825,352,1106,566,883,491,955,515,0.672,214.9,True,,,,no_text,175.2,,,
85,10,car,759,342,1090,586,825,504,900,531,0.643,222.2,True,ETKO9CX5OGO,0.708,,rejected,168.3,,,
85,8,auto,1363,332,1909,1035,1561,636,1667,703,0.611,222.2,True,TN03D9766,0.98,TN03D9766,accepted,308.6,,,
90,10,car,634,332,1052,629,709,525,801,555,0.725,255.7,True,STN09CX5000,0.756,TN09CX5000,accepted,168.7,,,
90,8,auto,1373,329,1914,1030,1567,629,1677,710,0.489,255.7,True,,,,no_text,154,,,
90,8,auto,1373,329,1914,1030,1560,624,1682,758,0.306,255.7,True,,,,no_text,150.3,,,
95,11,car,136,296,918,786,220,635,367,677,0.778,223.3,True,THO9CX5000,0.955,TN09CX5000,accepted,310.9,,,
95,8,auto,1375,326,1913,1027,1567,627,1673,703,0.592,223.3,True,TN03D9766,0.987,TN03D9766,accepted,196.1,,,
100,8,auto,1373,326,1912,1029,1567,628,1673,702,0.548,235.3,True,TN03D9766,0.98,TN03D9766,accepted,229.2,,,
105,8,auto,1371,325,1912,1028,1566,628,1673,701,0.632,218.2,True,TN03D9766,0.976,TN03D9766,accepted,229.6,,,
110,8,auto,1370,322,1914,1029,1564,627,1675,703,0.595,224.2,True,TN03D9766,0.989,TN03D9766,accepted,224.6,,,
115,8,auto,1374,318,1915,1028,1565,625,1682,709,0.617,225.6,True,TN03D9766,0.986,TN03D9766,accepted,178.5,,,
115,8,auto,1374,318,1915,1028,1560,623,1685,749,0.389,225.6,True,TN03D9766,0.968,TN03D9766,accepted,220.3,,,
120,8,auto,1368,320,1915,1027,1566,627,1677,702,0.657,222.8,True,TN03D9766,0.988,TN03D9766,accepted,226.1,,,
125,8,auto,1375,315,1912,1024,1567,620,1683,698,0.504,216.6,True,TN03D9766,0.989,TN03D9766,accepted,181.9,,,
130,8,auto,1376,311,1914,1021,1567,615,1683,693,0.53,246,True,TN03D9766,0.98,TN03D9766,accepted,186.9,,,
135,8,auto,1376,311,1916,1021,1569,617,1684,693,0.384,219.7,True,TN03D9766,0.988,TN03D9766,accepted,179.2,,,
140,8,auto,1377,315,1916,1021,1573,619,1690,699,0.554,232.2,True,TN03D9766,0.962,TN03D9766,accepted,179.3,,,
145,8,auto,1375,315,1914,1024,1569,619,1681,691,0.486,221,True,TN03D9766,0.987,TN03D9766,accepted,182,,,
150,8,auto,1370,310,1914,1024,1566,619,1679,695,0.252,222.4,True,TN03D9766,0.977,TN03D9766,accepted,181,,,
160,8,auto,1376,312,1915,1019,1566,613,1683,700,0.533,224.5,True,TN03D9766,0.972,TN03D9766,accepted,178.1,,,
165,8,auto,1371,305,1915,1019,1566,611,1681,705,0.482,213.3,True,TN03D9766,0.975,TN03D9766,accepted,182.8,,,
170,8,auto,1367,308,1906,1021,1563,611,1676,696,0.496,243.4,True,TN03D9766,0.981,TN03D9766,accepted,180.4,,,
175,8,auto,1369,312,1910,1019,1566,616,1678,692,0.434,220.5,True,TN03D9766,0.989,TN03D9766,accepted,182.7,,,
180,8,auto,1371,310,1911,1019,1567,610,1678,700,0.423,232.9,True,TN03D9766,0.97,TN03D9766,accepted,181,,,
185,8,auto,1371,311,1909,1022,1565,610,1682,699,0.458,225.4,True,TN03D9766,0.975,TN03D9766,accepted,178.5,,,
190,8,auto,1375,313,1910,1022,1566,615,1681,698,0.345,237.7,True,TN03D9766,0.987,TN03D9766,accepted,186.1,,,
195,8,auto,1373,313,1908,1023,1565,621,1683,697,0.437,221.7,True,TN03D9766,0.976,TN03D9766,accepted,225.6,,,
200,8,auto,1370,313,1911,1021,1564,621,1682,697,0.467,215.6,True,TN03D9766,0.988,TN03D9766,accepted,193.6,,,
205,8,auto,1374,315,1913,1023,1565,623,1680,699,0.575,224.4,True,TN03D9766,0.978,TN03D9766,accepted,224.4,,,
210,8,auto,1374,320,1914,1021,1565,623,1682,712,0.638,223,True,,,,no_text,138,,,
215,8,auto,1372,322,1911,1026,1565,627,1674,702,0.652,231.9,True,TN03D9766,0.989,TN03D9766,accepted,223.8,,,
220,8,auto,1376,320,1914,1023,1566,624,1680,700,0.61,220.1,True,TN03D9766,0.982,TN03D9766,accepted,183.1,,,
225,8,auto,1376,319,1914,1024,1566,623,1681,699,0.654,222.5,True,TN03D9766,0.982,TN03D9766,accepted,181.1,,,
230,8,auto,1376,321,1913,1021,1566,623,1678,698,0.59,218,True,TN03D9766,0.981,TN03D9766,accepted,185.6,,,
235,8,auto,1375,319,1914,1021,1565,624,1681,700,0.534,262.1,True,TN03D9766,0.984,TN03D9766,accepted,194.4,,,
240,8,auto,1372,319,1914,1022,1567,626,1678,701,0.61,238.7,True,TN03D9766,0.988,TN03D9766,accepted,228.3,,,
245,8,auto,1377,323,1914,1025,1565,623,1686,721,0.613,221,True,TN03D9766,0.979,TN03D9766,accepted,176.2,,,
245,12,car,930,382,1139,532,976,478,1031,496,0.293,221,True,,,,no_text,81.2,,,
250,8,auto,1375,325,1916,1024,1567,625,1688,720,0.693,248.4,True,,,,no_text,141.5,,,
250,12,car,858,382,1109,557,907,495,966,515,0.534,248.4,True,,,,no_text,187.2,,,
255,8,auto,1380,323,1917,1022,1572,623,1692,708,0.656,225.6,True,TN03D9766,0.976,TN03D9766,accepted,178.4,,,
255,12,car,750,381,1068,593,816,520,897,547,0.585,225.6,True,TN41AR0C,0.609,,rejected,178.7,,,
255,8,auto,1380,323,1917,1022,1565,622,1695,749,0.297,225.6,True,TN03D9766,0.962,TN03D9766,accepted,234.1,,,
260,12,car,591,380,1005,650,662,559,758,594,0.598,223.3,True,TN41AR0082,0.901,TN41AR0082,accepted,167,,,
260,8,auto,1382,323,1918,1022,1575,626,1687,702,0.347,223.3,True,TN03D9766,0.981,TN03D9766,accepted,199.9,,,
265,13,car,55,373,846,837,141,689,289,741,0.789,253.2,True,TN41AR0082,0.976,TN41AR0082,accepted,165.8,,,
270,8,auto,1391,325,1919,1027,1588,628,1695,697,0.363,227.1,True,TN03D9766,0.982,TN03D9766,accepted,230.4,,,
275,8,auto,1395,324,1919,1026,1588,628,1701,706,0.386,233.5,True,TN03D9766,0.986,TN03D9766,accepted,182.2,,,
280,8,auto,1391,324,1919,1028,1592,629,1695,694,0.409,223.9,True,TN03D9766,0.983,TN03D9766,accepted,227.1,,,
285,8,auto,1393,320,1919,1026,1591,628,1697,696,0.495,238.4,True,TN03D9766,0.982,TN03D9766,accepted,227.7,,,
290,8,auto,1393,325,1919,1029,1589,628,1695,699,0.325,236.7,True,TN03D9766,0.988,TN03D9766,accepted,228.2,,,
305,14,auto,1394,322,1918,1027,1698,823,1782,869,0.341,232.8,True,,,,no_text,53.1,,,
310,14,auto,1392,321,1919,1028,1696,820,1781,870,0.358,257.6,True,,,,no_text,52.6,,,
315,8,auto,1395,324,1919,1028,1589,630,1695,699,0.261,258.7,True,TN03D9766,0.979,TN03D9766,accepted,238.1,,,
320,14,auto,1392,321,1918,1026,1692,817,1782,870,0.292,249.4,True,,,,no_text,47.5,,,
325,14,auto,1394,320,1919,1026,1696,822,1781,870,0.3,230.8,True,,,,no_text,51.2,,,
340,14,auto,1396,320,1919,1026,1694,820,1779,870,0.314,218.6,True,,,,no_text,48.1,,,
375,15,auto,1391,329,1919,1033,1582,630,1698,714,0.275,221.9,True,TN03D9766,0.974,TN03D9766,accepted,179.3,,,
380,15,auto,1392,332,1918,1034,1589,635,1706,711,0.322,225.5,True,TN03D9766,0.972,TN03D9766,accepted,186.2,,,
385,15,auto,1392,331,1918,1034,1586,633,1703,705,0.394,225.6,True,TN03D9766,0.982,TN03D9766,accepted,231.8,,,
390,15,auto,1396,330,1919,1032,1591,631,1698,699,0.388,221.4,True,TN03D9766,0.979,TN03D9766,accepted,236.7,,,
395,15,auto,1401,329,1919,1033,1597,632,1707,698,0.522,227.8,True,TN03D9766,0.981,TN03D9766,accepted,233.5,,,
400,15,auto,1405,329,1918,1035,1596,631,1711,702,0.593,221.2,True,TN03D9766,0.984,TN03D9766,accepted,185.9,,,
400,15,auto,1405,329,1918,1035,1594,629,1716,756,0.363,221.2,True,TN03D9766,0.952,TN03D9766,accepted,181.6,,,
400,16,car,998,395,1105,516,1062,489,1110,513,0.296,221.2,True,,,,no_text,56.6,,,
405,15,auto,1408,331,1919,1036,1599,630,1716,702,0.606,235.4,True,TN03D9766,0.978,TN03D9766,accepted,239.4,,,
410,15,auto,1405,328,1920,1037,1602,628,1711,697,0.589,219.4,True,TN03D9766,0.975,TN03D9766,accepted,178,,,
410,17,motorcycle,890,463,1067,780,921,590,983,625,0.474,219.4,True,,,,no_text,52.6,,,
415,15,auto,1414,329,1920,1034,1608,631,1719,703,0.628,222.8,True,TN03D9766,0.982,TN03D9766,accepted,232,,,
415,17,motorcycle,778,487,1020,877,840,556,909,595,0.324,222.8,True,,,,no_text,51.6,,,
415,16,motorcycle,1046,443,1177,639,1077,490,1133,519,0.251,222.8,True,,,,no_text,177.5,,,
420,15,auto,1417,330,1919,1034,1610,632,1725,702,0.589,222.8,True,TN03D9766,0.956,TN03D9766,accepted,205.2,,,
420,16,motorcycle,1016,450,1160,675,1054,508,1111,540,0.354,222.8,True,,,,no_text,150.6,,,
420,15,auto,1417,330,1919,1034,1607,624,1732,748,0.25,222.8,True,TN03D9766,0.959,TN03D9766,accepted,347.3,,,
425,15,auto,1423,330,1919,1035,1614,630,1735,701,0.609,249.8,True,TN03D9766,0.974,TN03D9766,accepted,185.2,,,
425,16,motorcycle,966,464,1133,724,1005,527,1072,562,0.513,249.8,True,,,,no_text,56.7,,,
425,15,auto,1423,330,1919,1035,1614,623,1740,736,0.316,249.8,True,TN03D9766,0.965,TN03D9766,accepted,194.7,,,
430,18,car,293,390,868,732,356,615,467,647,0.725,219.4,True,TN370F3523,0.939,TN37OF3523,accepted,167.7,,,
430,16,motorcycle,911,473,1108,783,948,552,1023,590,0.625,219.4,True,,,,no_text,63.8,,,
430,15,auto,1426,328,1919,1034,1619,627,1737,700,0.601,219.4,True,TN03D9766,0.958,TN03D9766,accepted,214.7,,,
435,19,car,0,392,734,867,0,708,62,755,0.631,221.7,True,3523,0.838,,rejected,140.1,,,
435,16,motorcycle,819,477,1072,884,862,593,949,639,0.592,221.7,True,DUNIOBY5351,0.706,,rejected,207,,,
435,15,auto,1427,328,1919,1038,1627,631,1741,700,0.504,221.7,True,TN03D9766,0.989,TN03D9766,accepted,191.1,,,
440,16,motorcycle,664,502,1028,1031,720,654,827,713,0.587,224.8,True,TN1OBY5351,0.844,TN1OBY5351,accepted,188.4,,,
440,15,auto,1435,330,1920,1037,1636,631,1743,697,0.352,224.8,True,TN03D9766,0.979,TN03D9766,accepted,194.3,,,
445,20,motorcycle,236,580,872,1078,339,821,484,908,0.41,215.5,True,TH108Y5351,0.894,TN1OBY5351,accepted,185.5,,,
445,15,auto,1444,326,1920,1038,1638,627,1761,704,0.363,215.5,True,TN03D9766,0.981,TN03D9766,accepted,190.5,,,
450,15,auto,1447,328,1920,1039,1643,628,1757,701,0.292,224.6,True,TN03D9766,0.988,TN03D9766,accepted,180.7,,,
450,21,auto,1447,328,1920,1039,1839,729,1919,775,0.27,224.6,True,LPG,0.988,,rejected,148.7,,,
465,15,auto,1445,327,1920,1040,1639,627,1760,707,0.392,213.4,True,TN03D9766,0.982,TN03D9766,accepted,181.9,,,
470,15,auto,1446,326,1920,1040,1639,628,1755,706,0.406,207,True,TN03D9766,0.974,TN03D9766,accepted,223,,,
475,15,auto,1444,326,1920,1039,1635,628,1756,708,0.29,216,True,TN03D9766,0.973,TN03D9766,accepted,180.2,,,
480,15,auto,1442,323,1919,1039,1637,628,1753,702,0.435,239.3,True,TN03D9766,0.956,TN03D9766,accepted,235.1,,,
485,15,auto,1444,322,1919,1038,1640,624,1754,699,0.595,212,True,TN03D9766,0.984,TN03D9766,accepted,186.8,,,
485,22,car,1022,396,1196,519,1061,471,1108,487,0.524,212,True,,,,no_text,72.3,,,
490,15,auto,1442,322,1919,1035,1637,623,1763,709,0.551,234.7,True,TN03D9766,0.966,TN03D9766,accepted,178.5,,,
490,22,car,976,394,1174,533,1019,479,1072,502,0.481,234.7,True,,,,no_text,160.6,,,
495,22,car,915,396,1152,553,965,495,1021,514,0.636,210.3,True,,,,no_text,172.9,,,
495,15,auto,1448,317,1919,1038,1648,624,1766,701,0.438,210.3,True,TN03D9766,0.98,TN03D9766,accepted,214.8,,,
500,22,car,840,392,1116,573,892,510,957,534,0.748,231.5,True,8535,0.792,,rejected,202.6,,,
500,15,auto,1453,317,1919,1035,1657,627,1766,697,0.37,231.5,True,TN03D9766,0.985,TN03D9766,accepted,187.9,,,
505,22,car,661,392,1041,628,719,553,802,580,0.695,236.1,True,TH093T8535,0.801,,rejected,169.7,,,
510,22,car,435,392,960,702,496,602,604,636,0.716,234.4,True,TH09BT8535,0.85,TN09BT8535,accepted,173.2,,,
515,23,car,39,389,836,823,85,693,219,738,0.77,207.7,True,,,,no_text,170.1,,,
520,24,auto,1462,318,1919,1033,1847,631,1919,766,0.504,211.1,True,,,,no_text,97.4,,,
520,15,auto,1462,318,1919,1033,1657,624,1771,702,0.437,211.1,True,TN03D9766,0.987,TN03D9766,accepted,252,,,
525,15,auto,1459,321,1919,1036,1658,625,1777,710,0.465,232,True,,,,no_text,138.9,,,
530,15,auto,1458,317,1919,1035,1658,624,1773,700,0.387,219.6,True,TN03D9766,0.988,TN03D9766,accepted,185.8,,,
535,15,auto,1460,319,1919,1035,1659,624,1774,702,0.466,218.5,True,TN03D9766,0.98,TN03D9766,accepted,182.6,,,
540,15,auto,1460,317,1919,1033,1659,627,1772,696,0.307,236.3,True,TN03D9766,0.982,TN03D9766,accepted,221.4,,,
545,15,auto,1461,318,1919,1033,1662,624,1776,698,0.52,202.4,True,TN03D9766,0.947,TN03D9766,accepted,229.2,,,
550,15,auto,1461,317,1919,1035,1656,620,1778,714,0.538,228.7,True,,,,no_text,175.5,,,
555,15,auto,1459,319,1919,1036,1655,625,1772,705,0.604,208.1,True,TN03D9766,0.971,TN03D9766,accepted,228.1,,,
560,15,auto,1457,317,1919,1037,1654,622,1775,710,0.609,205.7,True,TN03D9766,0.983,TN03D9766,accepted,175.5,,,
560,15,auto,1457,317,1919,1037,1647,619,1779,753,0.295,205.7,True,TN03D9766,0.964,TN03D9766,accepted,256.6,,,
565,15,auto,1456,321,1919,1038,1654,619,1777,714,0.668,218.7,True,TN03D9766,0.963,TN03D9766,accepted,175.7,,,
565,15,auto,1456,321,1919,1038,1645,618,1780,756,0.454,218.7,True,,,,no_text,176.9,,,
565,25,auto,1456,321,1919,1038,1849,634,1920,765,0.334,218.7,True,,,,no_text,128.7,,,
570,15,auto,1461,326,1920,1037,1657,625,1776,712,0.634,224.7,True,TN03D9766,0.978,TN03D9766,accepted,182.6,,,
570,15,auto,1461,326,1920,1037,1652,621,1780,757,0.449,224.7,True,TN0309766,0.909,TN03O9766,accepted,218.1,,,
575,15,auto,1447,322,1919,1040,1653,621,1774,719,0.521,232.5,True,TN03D9766,0.984,TN03D9766,accepted,175.1,,,
575,15,auto,1447,322,1919,1040,1646,618,1778,757,0.428,232.5,True,9766,0.915,,rejected,135.6,,,
575,25,auto,1447,322,1919,1040,1846,637,1920,776,0.265,232.5,True,,,,no_text,37.8,,,
580,15,auto,1454,326,1920,1037,1655,623,1776,718,0.673,229,True,TN03D9766,0.977,TN03D9766,accepted,178.2,,,
580,15,auto,1454,326,1920,1037,1649,620,1779,756,0.537,229,True,TN03D9766,0.921,TN03D9766,accepted,220.4,,,
580,25,auto,1454,326,1920,1037,1846,638,1920,774,0.275,229,True,,,,no_text,30.5,,,
585,15,auto,1457,323,1919,1039,1657,624,1774,710,0.635,246.3,True,TN03D9766,0.979,TN03D9766,accepted,177.3,,,
585,15,auto,1457,323,1919,1039,1652,619,1779,758,0.512,246.3,True,TN0309766,0.887,TN03O9766,accepted,216.1,,,
590,15,auto,1455,323,1919,1040,1650,624,1774,714,0.502,218.3,True,TN03D9766,0.974,TN03D9766,accepted,178.5,,,
590,15,auto,1455,323,1919,1040,1643,620,1778,760,0.309,218.3,True,TN03D9766,0.933,TN03D9766,accepted,217.9,,,
590,25,auto,1455,323,1919,1040,1844,666,1920,774,0.255,218.3,True,2020,0.972,,rejected,127.3,,,
595,15,auto,1447,329,1919,1043,1648,629,1765,709,0.395,221.2,True,TN03D9766,0.968,TN03D9766,accepted,178.2,,,
600,15,auto,1434,333,1920,1042,1630,629,1764,756,0.5,222.5,True,TN03D9766,0.959,TN03D9766,accepted,253.6,,,
610,15,auto,1418,332,1919,1041,1619,631,1737,720,0.406,226.7,True,TN03D9766,0.986,TN03D9766,accepted,174.1,,,
615,15,auto,1416,333,1920,1038,1608,627,1737,756,0.597,220.6,True,TN03D976615,0.814,,rejected,255,,,
620,15,auto,1412,335,1920,1042,1611,632,1722,712,0.575,222.3,True,TN03D9766,0.983,TN03D9766,accepted,179.7,,,
625,15,auto,1412,336,1920,1044,1610,635,1726,717,0.552,218.8,True,TN03D9766,0.978,TN03D9766,accepted,178.1,,,
630,15,auto,1408,336,1920,1044,1611,637,1720,715,0.519,217.5,True,TN03D9766,0.98,TN03D9766,accepted,178.7,,,
640,15,auto,1413,337,1920,1045,1610,630,1733,735,0.367,249.8,True,TN03D9766,0.969,TN03D9766,accepted,218.8,,,
645,15,auto,1414,339,1920,1049,1616,639,1725,722,0.289,249.5,True,TN03D9766,0.988,TN03D9766,accepted,177.9,,,
660,15,auto,1414,341,1920,1055,1616,641,1726,722,0.481,222.1,True,TN03D9766,0.971,TN03D9766,accepted,181.7,,,
670,15,auto,1416,343,1920,1058,1614,644,1723,727,0.421,216.1,True,TN03D9766,0.974,TN03D9766,accepted,178.8,,,
675,15,auto,1415,345,1920,1061,1617,649,1727,729,0.638,218.3,True,TN03D9766,0.984,TN03D9766,accepted,179.2,,,
680,15,auto,1408,347,1920,1064,1615,645,1729,737,0.65,254.7,True,TN03D9766,0.978,TN03D9766,accepted,178.3,,,
685,15,auto,1411,349,1920,1066,1616,645,1735,746,0.696,225.9,True,TN03D9766,0.981,TN03D9766,accepted,176.2,,,
690,15,auto,1412,335,1920,1047,1616,637,1725,722,0.392,224.1,True,,,,no_text,142,,,
695,15,auto,1416,326,1920,1039,1610,627,1736,715,0.564,216.4,True,TN03D9766,0.984,TN03D9766,accepted,187,,,
700,15,auto,1417,328,1920,1038,1611,626,1733,725,0.6,229.3,True,TN03D9766A,0.843,,rejected,226.3,,,
700,15,auto,1417,328,1920,1038,1604,621,1737,758,0.427,229.3,True,TN03D9766LPO,0.817,,rejected,262.6,,,
705,15,auto,1408,323,1920,1038,1605,626,1725,710,0.648,227,True,TN03D9766,0.978,TN03D9766,accepted,184,,,
710,15,auto,1405,326,1920,1039,1606,627,1726,710,0.642,254.3,True,TN03D9766,0.986,TN03D9766,accepted,228.3,,,
710,15,auto,1405,326,1920,1039,1600,620,1731,750,0.269,254.3,True,TN03D9766,0.95,TN03D9766,accepted,219.4,,,
715,15,auto,1413,327,1920,1037,1608,627,1726,709,0.69,226.2,True,TN03D9766,0.973,TN03D9766,accepted,179.9,,,
715,15,auto,1413,327,1920,1037,1603,622,1730,754,0.318,226.2,True,TN03D9766,0.933,TN03D9766,accepted,220,,,
720,15,auto,1414,324,1920,1036,1608,625,1725,707,0.632,215.7,True,TN03D9766,0.984,TN03D9766,accepted,223.8,,,
725,15,auto,1415,324,1920,1035,1610,625,1733,708,0.462,222.4,True,TN03D9766,0.985,TN03D9766,accepted,180.6,,,
725,15,auto,1415,324,1920,1035,1599,622,1732,751,0.254,222.4,True,TN03D9766,0.967,TN03D9766,accepted,264,,,
730,15,auto,1413,323,1920,1035,1609,625,1723,699,0.552,232,True,TN03D9766,0.985,TN03D9766,accepted,228.9,,,
745,15,auto,1415,321,1920,1033,1611,625,1724,696,0.538,223.8,True,TN03D9766,0.982,TN03D9766,accepted,185.8,,,
750,15,auto,1414,321,1920,1031,1611,626,1719,695,0.458,214.8,True,TN03D9766,0.985,TN03D9766,accepted,183.4,,,
755,15,auto,1415,320,1920,1031,1608,626,1721,701,0.339,260.7,True,TN03D9766,0.974,TN03D9766,accepted,223,,,
760,15,auto,1415,320,1920,1031,1611,627,1718,693,0.438,211,True,TN03D9766,0.985,TN03D9766,accepted,231.3,,,
765,15,auto,1419,321,1920,1033,1611,627,1721,695,0.462,233.2,True,TN03D9766,0.985,TN03D9766,accepted,228.7,,,
770,15,auto,1419,320,1920,1030,1613,625,1722,693,0.431,211,True,TN03D9766,0.979,TN03D9766,accepted,182.2,,,
775,15,auto,1422,315,1920,1024,1612,615,1728,693,0.549,222.4,True,TN03D9766,0.989,TN03D9766,accepted,185.5,,,
780,15,auto,1421,312,1919,1022,1614,613,1721,690,0.541,213.6,True,TN03D9766,0.987,TN03D9766,accepted,227.5,,,
785,15,auto,1425,305,1919,1015,1614,606,1732,709,0.735,209.8,True,TN03D9766,0.975,TN03D9766,accepted,179.7,,,
790,15,auto,1425,306,1918,1017,1617,612,1729,689,0.481,238.1,True,TN03D9766,0.981,TN03D9766,accepted,181.5,,,
795,15,auto,1429,301,1918,1012,1625,607,1731,684,0.482,218.3,True,TN03D9766,0.983,TN03D9766,accepted,225.4,,,
795,26,motorcycle,942,415,1111,687,973,471,1045,502,0.325,218.3,True,,,,no_text,60.9,,,
795,26,motorcycle,942,415,1111,687,968,465,1053,505,0.309,218.3,True,,,,no_text,76,,,
800,27,motorcycle,704,448,997,876,741,544,850,578,0.611,252.4,True,23C82658,0.524,,rejected,168.1,,,
800,15,auto,1432,297,1918,1011,1636,605,1737,674,0.349,252.4,True,TN03D9766,0.989,TN03D9766,accepted,239.6,,,
800,26,motorcycle,1061,395,1221,637,1104,534,1156,569,0.27,252.4,True,,,,no_text,48.5,,,
805,28,motorcycle,963,395,1178,717,999,484,1088,523,0.683,245.6,True,,,,no_text,59.5,,,
805,28,motorcycle,963,395,1178,717,1006,589,1067,628,0.459,245.6,True,,,,no_text,64.4,,,
805,15,auto,1439,299,1919,1013,1636,603,1739,670,0.409,245.6,True,TN03D9766,0.986,TN03D9766,accepted,255.7,,,
810,27,motorcycle,818,418,1100,850,854,533,959,573,0.715,221.6,True,,,,no_text,318,,,
810,15,auto,1441,296,1919,1007,1635,598,1739,666,0.506,221.6,True,TN03D9766,0.976,TN03D9766,accepted,251.6,,,
815,27,bus,924,222,1198,505,978,447,1052,473,0.586,329.1,True,,,,no_text,169.7,,,
815,29,motorcycle,450,488,952,1078,514,642,672,699,0.435,329.1,True,,,,no_text,297,,,
815,30,auto,1444,290,1918,1004,1722,779,1839,845,0.368,329.1,True,,,,no_text,71.4,,,
815,15,auto,1444,290,1918,1004,1639,597,1744,668,0.367,329.1,True,TN03D9766,0.975,TN03D9766,accepted,260.2,,,
820,31,bus,820,201,1171,528,906,461,990,490,0.652,231.4,True,TN23AP4113,0.707,TN23AP4113,accepted,169.1,,,
820,15,auto,1448,293,1919,1006,1646,596,1754,672,0.371,231.4,True,TN03D9766,0.988,TN03D9766,accepted,197.9,,,
825,31,bus,713,173,1143,554,825,479,902,509,0.679,219.6,True,TN23AP4119,0.91,TN23AP4119,accepted,164.1,,,
825,15,auto,1452,292,1919,1003,1648,593,1754,665,0.455,219.6,True,TN03D9766,0.976,TN03D9766,accepted,238.3,,,
830,31,bus,562,140,1095,592,688,505,784,540,0.716,245.1,True,TN23AP4115,0.955,TN23AP4115,accepted,162,,,
830,15,auto,1449,289,1919,1001,1650,590,1759,670,0.526,245.1,True,TN03D9766,0.968,TN03D9766,accepted,239.8,,,
830,31,bus,562,140,1095,592,686,448,779,495,0.302,245.1,True,,,,no_text,53.2,,,
835,29,bus,328,85,1033,652,475,544,592,591,0.685,235.9,True,TN23AP4115,0.962,TN23AP4115,accepted,162.9,,,
835,15,auto,1448,286,1919,1005,1645,594,1751,662,0.437,235.9,True,TN03D9766,0.973,TN03D9766,accepted,202.3,,,
840,32,bus,21,19,963,729,183,599,333,654,0.615,219.7,True,TN23AP4115,0.866,TN23AP4115,accepted,168.9,,,
840,15,auto,1448,287,1919,1002,1645,590,1755,666,0.499,219.7,True,TN03D9766,0.983,TN03D9766,accepted,242.7,,,
840,15,auto,1448,287,1919,1002,1647,588,1760,695,0.418,219.7,True,TN03D9766,0.969,TN03D9766,accepted,220.8,,,
840,30,auto,1448,287,1919,1002,1714,764,1841,839,0.271,219.7,True,,,,no_text,50.4,,,
845,15,auto,1447,287,1919,1001,1640,590,1757,678,0.456,248.3,True,,,,no_text,231.5,,,
850,15,auto,1447,285,1919,1000,1646,588,1758,658,0.344,220.2,True,TN03D9766,0.978,TN03D9766,accepted,229.2,,,
850,33,bus,1013,305,1225,531,1079,452,1128,485,0.254,220.2,True,,,,no_text,46.3,,,
855,15,auto,1445,284,1920,997,1647,588,1756,652,0.433,227.3,True,TN03D9766,0.985,TN03D9766,accepted,186.3,,,
860,15,auto,1445,285,1920,998,1645,588,1758,654,0.447,243.4,True,TN03D9766,0.977,TN03D9766,accepted,190.5,,,
865,15,auto,1446,286,1920,998,1645,587,1757,654,0.603,231,True,TN03D9766,0.989,TN03D9766,accepted,189.8,,,
870,15,auto,1450,286,1920,998,1646,588,1757,653,0.518,211.9,True,TN03D9766,0.98,TN03D9766,accepted,189.1,,,
870,34,car,1193,327,1392,493,1244,435,1303,456,0.488,211.9,True,,,,no_text,170.4,,,
875,34,car,1156,321,1378,510,1218,442,1279,463,0.562,222.9,True,,,,no_text,171.4,,,
875,15,auto,1442,283,1920,1000,1645,589,1757,655,0.355,222.9,True,TN03D9766,0.981,TN03D9766,accepted,203.6,,,
875,35,auto,1442,283,1920,1000,1828,611,1920,744,0.291,222.9,True,,,,no_text,48.1,,,
880,34,car,1125,319,1370,525,1184,448,1260,475,0.67,233.5,True,SINSZATOIOA,0.56,,rejected,169.4,,,
880,15,auto,1443,283,1920,1000,1637,587,1762,702,0.465,233.5,True,TN03D9766,0.958,TN03D9766,accepted,234.7,,,
880,15,auto,1443,283,1920,1000,1639,588,1758,664,0.342,233.5,True,TN03D9766,0.989,TN03D9766,accepted,182.8,,,
885,34,car,1082,316,1358,544,1150,466,1228,492,0.641,256.7,True,EINOZAT8104,0.602,TN0ZAT8104,accepted,171.7,,,
885,15,auto,1447,287,1919,998,1633,586,1761,703,0.544,256.7,True,TN03D9766,0.964,TN03D9766,accepted,294.6,,,
885,15,auto,1447,287,1919,998,1634,587,1756,670,0.438,256.7,True,TN03D9766,0.99,TN03D9766,accepted,182.7,,,
890,34,car,1029,310,1341,569,1106,478,1189,506,0.652,226.1,True,TNOZATA104,0.704,TN02ATA104,accepted,171.8,,,
890,15,auto,1447,288,1919,996,1639,587,1755,660,0.358,226.1,True,TN03D9766,0.977,TN03D9766,accepted,242.4,,,
890,15,auto,1447,288,1919,996,1635,584,1760,695,0.326,226.1,True,TN03D9766,0.965,TN03D9766,accepted,177.8,,,
895,34,car,972,307,1324,593,1056,493,1152,524,0.677,267.9,True,TNOZAT8104,0.843,TN0ZAT8104,accepted,181.9,,,
895,15,auto,1449,285,1919,994,1633,584,1760,703,0.411,267.9,True,TN03D9766,0.972,TN03D9766,accepted,292.7,,,
895,15,auto,1449,285,1919,994,1639,587,1753,661,0.351,267.9,True,TN03D9766,0.972,TN03D9766,accepted,195.3,,,
895,36,motorcycle,560,414,814,734,603,460,666,498,0.294,267.9,True,,,,no_text,49.9,,,
900,34,car,883,303,1300,638,975,525,1087,562,0.769,227,True,TN04AY8104,0.851,TN04AY8104,accepted,171.3,,,
900,15,auto,1450,286,1919,995,1641,586,1752,657,0.299,227,True,TN03D9766,0.984,TN03D9766,accepted,200.2,,,
905,34,car,775,300,1278,685,880,564,1006,600,0.723,220.5,True,TNO4AY8104,0.851,NL4AY8104,accepted,183.5,,,
905,15,auto,1452,287,1919,994,1642,588,1759,665,0.431,220.5,True,TN03D9766,0.99,TN03D9766,accepted,195.5,,,
905,15,auto,1452,287,1919,994,1637,586,1760,695,0.385,220.5,True,TN03D9766,0.938,TN03D9766,accepted,177.6,,,
910,34,car,619,297,1244,758,739,606,890,651,0.776,230.8,True,TN04AY8104,0.875,TN04AY8104,accepted,170.6,,,
910,15,auto,1454,287,1919,994,1641,585,1762,704,0.47,230.8,True,,,,no_text,147.3,,,
910,15,auto,1454,287,1919,994,1647,588,1761,675,0.399,230.8,True,,,,no_text,151,,,
915,34,car,362,280,1204,885,513,686,705,743,0.765,222.6,True,TN04AY8104,0.961,TN04AY8104,accepted,171.9,,,
915,15,auto,1453,286,1919,994,1644,587,1753,655,0.599,222.6,True,TN03D9766,0.98,TN03D9766,accepted,195.7,,,
915,15,auto,1453,286,1919,994,1642,584,1756,683,0.404,222.6,True,TN03D9766,0.97,TN03D9766,accepted,179.2,,,
920,37,car,1,256,1153,1076,63,853,332,958,0.726,253.2,True,TNO4AY8104,0.918,NL4AY8104,accepted,163.7,,,
920,15,auto,1451,282,1919,993,1646,589,1759,666,0.498,253.2,True,TN03D9766,0.98,TN03D9766,accepted,199.6,,,
920,15,auto,1451,282,1919,993,1643,586,1760,697,0.434,253.2,True,TN03D9766,0.971,TN03D9766,accepted,174,,,
925,15,auto,1449,279,1919,994,1638,588,1758,693,0.487,250,True,TN03D9766,0.962,TN03D9766,accepted,174.9,,,
925,15,auto,1449,279,1919,994,1640,589,1755,663,0.388,250,True,TN03D9766,0.986,TN03D9766,accepted,191.3,,,
930,15,auto,1451,285,1919,994,1641,586,1760,671,0.538,224.7,True,TN03D9766,0.986,TN03D9766,accepted,179.7,,,
935,38,car,635,316,1015,571,701,481,783,520,0.623,218,True,TN128J9333,0.815,TN1ZBJ9333,accepted,155.2,,,
935,15,auto,1450,281,1919,994,1637,583,1761,706,0.394,218,True,TN03D9766,0.969,TN03D9766,accepted,187.5,,,
940,38,car,512,310,964,610,583,506,672,551,0.594,220.8,True,TN128J9333,0.925,TN1ZBJ9333,accepted,154.3,,,
940,15,auto,1450,283,1919,996,1637,586,1764,708,0.575,220.8,True,TN03D9766,0.983,TN03D9766,accepted,187.5,,,
945,38,car,285,304,881,669,356,543,467,588,0.609,220.4,True,TN12BJ9333,0.902,TN12BJ9333,accepted,162.1,,,
945,15,auto,1450,286,1920,999,1636,588,1764,709,0.576,220.4,True,TN03D9766,0.954,TN03D9766,accepted,235.3,,,
945,39,motorcycle,1018,387,1154,590,1035,440,1091,464,0.309,220.4,True,,,,no_text,65.3,,,
950,40,car,0,296,756,764,0,612,116,667,0.779,223.8,True,128J3333,0.852,MZ8J3333,accepted,155.5,,,
955,15,auto,1446,286,1920,999,1646,589,1762,670,0.472,262.1,True,TN03D9766,0.974,TN03D9766,accepted,188.9,,,
955,41,motorcycle,837,413,1023,699,859,506,937,535,0.472,262.1,True,,,,no_text,169.6,,,
955,15,auto,1446,286,1920,999,1639,587,1762,701,0.45,262.1,True,TN03D9766,0.966,TN03D9766,accepted,187.6,,,
955,39,car,1095,331,1283,488,1145,443,1200,462,0.328,262.1,True,,,,no_text,176.9,,,
960,42,motorcycle,646,434,916,803,691,550,784,582,0.684,224.2,True,TNO9EZ1TE4,0.696,,rejected,170.6,,,
960,39,car,1061,328,1267,503,1107,448,1171,470,0.61,224.2,True,,,,no_text,85.7,,,
960,15,auto,1448,287,1919,999,1643,588,1763,680,0.576,224.2,True,TN03D9766,0.975,TN03D9766,accepted,207.2,,,
965,15,auto,1445,287,1920,998,1633,587,1763,707,0.608,225.8,True,TN03D9766,0.972,TN03D9766,accepted,281.6,,,
965,39,car,1009,330,1247,520,1054,462,1135,487,0.595,225.8,True,10013374,0.684,,rejected,176.4,,,
965,43,motorcycle,197,477,699,1047,282,659,422,701,0.518,225.8,True,,,,no_text,208.7,,,
965,44,auto,1445,287,1920,998,1822,601,1920,743,0.277,225.8,True,,,,no_text,55.8,,,
970,15,auto,1447,286,1919,998,1644,587,1762,685,0.601,230.5,True,TN03D9766,0.978,TN03D9766,accepted,179.8,,,
970,39,car,967,328,1228,534,1020,473,1101,499,0.589,230.5,True,R10873374,0.676,,rejected,182.2,,,
970,15,auto,1447,286,1919,998,1616,588,1763,710,0.332,230.5,True,TN03D97667,0.852,,rejected,233.3,,,
975,39,car,915,328,1206,555,974,487,1056,513,0.709,247,True,ETN108Y3974,0.753,TN1OBY3974,accepted,172.2,,,
975,15,auto,1448,286,1919,998,1633,586,1762,708,0.588,247,True,TN03D9766,0.97,TN03D9766,accepted,191.7,,,
975,15,auto,1448,286,1919,998,1637,586,1757,673,0.462,247,True,TN03D9766,0.982,TN03D9766,accepted,186.3,,,
980,39,car,837,329,1174,588,899,509,991,541,0.749,228.9,True,FTN10BY3974,0.824,TN10BY3974,accepted,173.4,,,
980,15,auto,1450,287,1919,998,1633,587,1759,705,0.601,228.9,True,TN03D9766,0.971,TN03D9766,accepted,293.8,,,
985,39,car,722,324,1132,625,800,537,905,573,0.786,224.6,True,FIN10BY3974,0.884,TN10BY3974,accepted,168.5,,,
985,15,auto,1451,286,1919,997,1635,586,1759,699,0.586,224.6,True,TN03D9766,0.966,TN03D9766,accepted,233.9,,,
985,15,auto,1451,286,1919,997,1639,588,1756,666,0.461,224.6,True,TN03D9766,0.958,TN03D9766,accepted,182.2,,,
990,39,car,567,319,1084,688,644,583,770,624,0.746,216.3,True,FTN10BY3974,0.861,TN10BY3974,accepted,168.9,,,
990,15,auto,1448,285,1919,997,1627,586,1761,709,0.716,216.3,True,TN03D9766,0.961,TN03D9766,accepted,232.3,,,
995,39,car,365,309,1022,767,449,637,595,685,0.737,225.1,True,IN10BY3974,0.856,TN10BY3974,accepted,178,,,
995,15,auto,1449,285,1919,996,1630,585,1762,708,0.661,225.1,True,TN03D9766,0.954,TN03D9766,accepted,273.1,,,
1000,45,car,33,298,941,898,117,732,300,797,0.744,220.2,True,TN10B13974,0.838,TN1OBI3974,accepted,172.6,,,
1000,15,auto,1450,286,1919,998,1636,584,1758,683,0.559,220.2,True,TN03D9766,0.978,TN03D9766,accepted,194.1,,,
1000,46,auto,1450,286,1919,998,1825,624,1919,744,0.267,220.2,True,,,,no_text,37.6,,,
1005,15,auto,1448,285,1919,998,1637,585,1760,689,0.45,216.6,True,TN03D9766,0.946,TN03D9766,accepted,183.7,,,
1010,15,auto,1451,286,1919,998,1635,586,1762,707,0.34,225.5,True,TN03D9766,0.986,TN03D9766,accepted,266.3,,,
1010,47,car,1069,342,1212,456,1103,414,1142,433,0.331,225.5,True,,,,no_text,54.5,,,
1015,15,auto,1446,286,1920,998,1635,585,1765,710,0.527,234,True,TN03D9766,0.921,TN03D9766,accepted,176.2,,,
1015,46,auto,1446,286,1920,998,1824,602,1919,743,0.261,234,True,,,,no_text,45.4,,,
1020,15,auto,1451,286,1920,998,1644,588,1759,660,0.521,244.8,True,TN03D9766,0.98,TN03D9766,accepted,183.4,,,
1020,15,auto,1451,286,1920,998,1644,585,1763,692,0.4,244.8,True,TN03D9766,0.915,TN03D9766,accepted,178.1,,,
1025,47,car,979,344,1162,479,1020,430,1067,446,0.685,241.8,True,,,,no_text,209.8,,,
1025,15,auto,1452,284,1920,998,1649,588,1764,672,0.601,241.8,True,,,,no_text,142.9,,,
1025,15,auto,1452,284,1920,998,1642,587,1765,705,0.514,241.8,True,TN03D9766,0.973,TN03D9766,accepted,188.4,,,
1030,47,car,940,346,1142,488,985,437,1036,456,0.565,232.9,True,,,,no_text,164.3,,,
1030,15,auto,1451,285,1919,997,1645,589,1758,662,0.558,232.9,True,TN03D9766,0.98,TN03D9766,accepted,238.2,,,
1030,15,auto,1451,285,1919,997,1645,587,1762,690,0.457,232.9,True,TN03D9766,0.967,TN03D9766,accepted,179.9,,,
1035,47,car,896,345,1119,501,943,443,1001,464,0.676,243.4,True,,,,no_text,172.1,,,
1035,15,auto,1449,285,1920,997,1648,588,1761,667,0.585,243.4,True,TN03D9766,0.946,TN03D9766,accepted,195.3,,,
1035,15,auto,1449,285,1920,997,1643,587,1762,696,0.471,243.4,True,TN03D9766,0.979,TN03D9766,accepted,178.3,,,
1040,47,car,848,341,1091,514,893,452,952,471,0.706,243.3,True,,,,no_text,171.3,,,
1040,15,auto,1453,287,1920,996,1637,586,1763,708,0.456,243.3,True,TN03D9766,0.957,TN03D9766,accepted,287.7,,,
1040,15,auto,1453,287,1920,996,1642,589,1757,672,0.333,243.3,True,TN03D9766,0.984,TN03D9766,accepted,178.6,,,
1040,46,auto,1453,287,1920,996,1827,610,1920,742,0.276,243.3,True,,,,no_text,53,,,
1045,47,car,781,338,1062,530,837,460,902,484,0.714,227.4,True,,,,no_text,167.8,,,
1045,15,auto,1452,285,1920,995,1650,586,1762,669,0.403,227.4,True,TN03D9766,0.971,TN03D9766,accepted,191.4,,,
1045,15,auto,1452,285,1920,995,1644,584,1763,705,0.315,227.4,True,0,0.692,,rejected,185,,,
1050,47,car,705,337,1025,551,762,476,834,499,0.733,267.4,True,7735,0.8,,rejected,166.3,,,
1050,15,auto,1455,285,1920,995,1644,586,1756,655,0.34,267.4,True,TN03D9766,0.984,TN03D9766,accepted,250.6,,,
1050,46,auto,1455,285,1920,995,1830,604,1920,738,0.296,267.4,True,,,,no_text,33.3,,,
1055,47,car,581,340,972,586,642,501,724,528,0.753,244.8,True,IN073735,0.863,TN073735,accepted,167.7,,,
1055,15,auto,1457,289,1920,995,1645,587,1758,658,0.519,244.8,True,TN03D9766,0.969,TN03D9766,accepted,245.9,,,
1055,15,auto,1457,289,1920,995,1646,586,1763,700,0.368,244.8,True,TN03D9766,0.946,TN03D9766,accepted,220.1,,,
1055,46,auto,1457,289,1920,995,1827,606,1920,741,0.254,244.8,True,,,,no_text,129.1,,,
1060,47,car,403,335,898,637,469,533,566,563,0.718,228.1,True,TN07EN3736,0.81,TN07EN3736,accepted,174.3,,,
1060,15,auto,1458,290,1919,997,1648,587,1761,665,0.644,228.1,True,TN03D9766,0.981,TN03D9766,accepted,196.3,,,
1065,48,car,48,329,776,729,121,594,250,633,0.816,242.1,True,T7N3736,0.629,,rejected,184.7,,,
1065,15,auto,1456,289,1919,998,1645,588,1759,665,0.595,242.1,True,TN03D9766,0.985,TN03D9766,accepted,199.5,,,
1065,15,auto,1456,289,1919,998,1644,585,1762,694,0.428,242.1,True,TN03D9766,0.96,TN03D9766,accepted,177.5,,,
1070,15,auto,1456,290,1920,998,1649,589,1762,671,0.614,220.4,True,TN03D9766,0.953,TN03D9766,accepted,182.4,,,
1075,15,auto,1456,288,1920,1000,1639,590,1760,692,0.662,234.8,True,TN03D9766,0.978,TN03D9766,accepted,183.3,,,
1080,15,auto,1452,288,1919,1002,1644,589,1756,667,0.447,244,True,TN03D9766,0.976,TN03D9766,accepted,224.8,,,
1085,15,auto,1452,289,1919,1000,1648,588,1763,677,0.494,224.5,True,,,,no_text,138.4,,,
1090,15,auto,1448,289,1919,1000,1646,592,1755,662,0.487,225.2,True,TN03D9766,0.983,TN03D9766,accepted,226.3,,,
1090,49,auto,1448,289,1919,1000,1833,651,1920,752,0.266,225.2,True,,,,no_text,35.4,,,
1095,15,auto,1447,289,1920,1001,1647,590,1757,664,0.525,227,True,TN03D9766,0.981,TN03D9766,accepted,229.3,,,
1100,15,auto,1434,292,1920,1003,1652,591,1759,667,0.316,223.5,True,TN03D9766,0.977,TN03D9766,accepted,223.6,,,
1105,15,auto,1446,287,1919,1000,1649,593,1755,662,0.523,264,True,TN03D9766,0.983,TN03D9766,accepted,234.7,,,
1110,15,auto,1453,287,1919,1002,1649,593,1753,660,0.485,233.5,True,TN03D9766,0.981,TN03D9766,accepted,235.4,,,
1110,49,auto,1453,287,1919,1002,1833,689,1919,754,0.28,233.5,True,,,,no_text,43.3,,,
1115,15,auto,1449,288,1920,1002,1646,593,1753,664,0.266,235.7,True,TN03D9766,0.966,TN03D9766,accepted,226.2,,,
1120,15,auto,1450,290,1920,1003,1647,593,1756,675,0.556,226.6,True,970,0.621,,rejected,143.5,,,
1120,49,auto,1450,290,1920,1003,1832,688,1919,754,0.317,226.6,True,,,,no_text,54,,,
1120,49,auto,1450,290,1920,1003,1828,616,1920,757,0.29,226.6,True,5402,0.965,,rejected,208.9,,,
1125,15,auto,1448,292,1920,1003,1644,593,1751,670,0.597,225.1,True,TN03D9766,0.976,TN03D9766,accepted,226.9,,,
1130,15,auto,1447,292,1919,1001,1639,594,1742,660,0.515,245.6,True,TN03D9766,0.987,TN03D9766,accepted,235.2,,,
1130,50,car,1084,348,1230,458,1119,414,1157,432,0.457,245.6,True,,,,no_text,59.9,,,
1135,15,auto,1436,289,1919,1001,1631,592,1738,669,0.64,237.4,True,TN03D9766,0.978,TN03D9766,accepted,230.2,,,
1135,50,car,1056,346,1215,463,1098,420,1136,434,0.322,237.4,True,,,,no_text,167.4,,,
1135,51,auto,1436,289,1919,1001,1699,768,1828,839,0.316,237.4,True,,,,no_text,62.7,,,
1140,15,auto,1432,293,1919,1000,1623,593,1733,668,0.776,233,True,TN03D9766,0.972,TN03D9766,accepted,229.9,,,
1140,50,car,1010,348,1186,477,1048,427,1092,445,0.534,233,True,,,,no_text,63.2,,,
1145,15,auto,1433,293,1919,1001,1624,594,1731,670,0.714,221.2,True,TN03D9766,0.977,TN03D9766,accepted,187.1,,,
1145,50,car,975,347,1170,487,1018,431,1066,452,0.433,221.2,True,,,,no_text,61.3,,,
1145,50,car,975,347,1170,487,1019,434,1070,456,0.257,221.2,True,,,,no_text,181.6,,,
1150,15,auto,1431,291,1919,1001,1622,592,1732,670,0.716,227.7,True,TN03D9766,0.977,TN03D9766,accepted,229.4,,,
1150,50,car,940,347,1152,494,986,439,1037,459,0.516,227.7,True,,,,no_text,64.5,,,
1155,15,auto,1433,292,1919,1001,1620,592,1732,675,0.747,239.8,True,TN03D9766,0.984,TN03D9766,accepted,180.5,,,
1155,50,car,894,346,1129,510,937,447,999,469,0.532,239.8,True,,,,no_text,70.3,,,
1160,50,car,780,344,1078,541,836,467,909,493,0.7,228,True,TN03CS1012,0.775,TN03CS1012,accepted,170.1,,,
1160,15,auto,1430,291,1919,1001,1620,592,1733,674,0.657,228,True,TN03D9766,0.984,TN03D9766,accepted,193.5,,,
1165,50,car,696,343,1037,569,761,490,842,513,0.706,222.6,True,ETN03CS1812,0.851,TN03CS1812,accepted,187,,,
1165,15,auto,1432,292,1919,1001,1618,592,1734,680,0.676,222.6,True,,,,no_text,197.8,,,
1165,52,car,1123,335,1300,502,1170,445,1222,461,0.401,222.6,True,SOSTSTON,0.55,,rejected,181.5,,,
1170,15,auto,1431,292,1919,1001,1618,591,1735,681,0.727,224.1,True,TN03D9766,0.974,TN03D9766,accepted,184.4,,,
1170,50,car,562,336,986,612,626,516,722,547,0.688,224.1,True,FTN09CS1812,0.879,TN09CS1812,accepted,174.5,,,
1170,52,car,1090,330,1293,519,1144,450,1204,471,0.6,224.1,True,,,,no_text,179.5,,,
1175,50,car,356,332,914,673,427,561,539,596,0.696,232.1,True,FTN09CS1812,0.859,TN09CS1812,accepted,170.4,,,
1175,15,auto,1432,293,1919,1000,1620,594,1732,673,0.687,232.1,True,TN03D9766,0.981,TN03D9766,accepted,198.5,,,
1175,52,car,1044,326,1281,545,1108,468,1179,490,0.602,232.1,True,ETN05084398,0.697,TN0SOB4398,accepted,180.9,,,
1180,53,car,0,320,776,800,0,645,144,695,0.762,260.4,True,TH09CS1812,0.927,TN09CS1812,accepted,167.1,,,
1180,15,auto,1433,294,1919,1000,1621,594,1733,674,0.731,260.4,True,TN03D9766,0.981,TN03D9766,accepted,197.5,,,
1180,52,car,975,320,1264,588,1049,491,1132,516,0.657,260.4,True,FTNO50B4398,0.76,TN0SOB4398,accepted,181.3,,,
1185,52,car,884,320,1243,643,966,525,1070,556,0.733,229.8,True,TN050B4398,0.915,TN0SOB4398,accepted,171.3,,,
1185,15,auto,1435,293,1919,1000,1621,594,1732,670,0.713,229.8,True,TN03D9766,0.985,TN03D9766,accepted,239.5,,,
1190,52,car,758,312,1217,712,860,575,988,610,0.768,219.2,True,TN050B4398,0.866,TN0SOB4398,accepted,176.5,,,
1190,15,auto,1437,293,1919,999,1625,594,1732,672,0.686,219.2,True,TN03D9766,0.989,TN03D9766,accepted,199.4,,,
1195,52,car,478,298,1167,861,613,666,795,715,0.728,221.1,True,TNO5DB4398,0.851,NL5DB4398,accepted,171.8,,,
1195,15,auto,1438,291,1919,996,1622,590,1733,675,0.724,221.1,True,TN03D9766,0.976,TN03D9766,accepted,191.6,,,
1200,15,auto,1438,287,1919,998,1624,593,1731,664,0.725,245.1,True,TN03D9766,0.986,TN03D9766,accepted,230.1,,,
1205,15,auto,1435,288,1919,999,1620,593,1733,675,0.7,224.6,True,TN03D9766,0.975,TN03D9766,accepted,180.7,,,
1210,15,auto,1431,289,1918,999,1619,593,1734,675,0.628,218.6,True,TN03D9766,0.987,TN03D9766,accepted,181.4,,,
1215,15,auto,1435,291,1919,999,1620,592,1733,673,0.624,248.5,True,TN03D9766,0.986,TN03D9766,accepted,230.7,,,
1220,15,auto,1431,291,1919,1000,1621,595,1731,673,0.576,222.6,True,TN03D9766,0.988,TN03D9766,accepted,227.8,,,
1225,15,auto,1430,288,1919,1001,1620,595,1731,670,0.696,220.9,True,TN03D9766,0.986,TN03D9766,accepted,231.1,,,
1230,15,auto,1424,289,1918,1000,1619,594,1731,672,0.673,226.3,True,TN03D9766,0.983,TN03D9766,accepted,227,,,
1235,15,auto,1431,290,1915,1005,1621,596,1731,668,0.645,220.4,True,TN03D9766,0.97,TN03D9766,accepted,230.8,,,
1235,54,motorcycle,1303,415,1477,682,1378,483,1433,520,0.377,220.4,True,,,,no_text,47.7,,,
1235,55,car,1183,351,1350,479,1224,429,1268,444,0.361,220.4,True,,,,no_text,196,,,
1240,15,auto,1423,292,1917,1003,1616,594,1728,674,0.753,230.1,True,TN03D9766,0.985,TN03D9766,accepted,178.9,,,
1240,55,car,1163,347,1335,482,1202,430,1247,449,0.27,230.1,True,,,,no_text,65.2,,,
1245,15,auto,1423,293,1918,1002,1613,593,1728,672,0.752,230.4,True,TN03D9766,0.975,TN03D9766,accepted,288.4,,,
1245,55,car,1135,343,1310,488,1185,431,1236,451,0.267,230.4,True,,,,no_text,61.8,,,
1250,15,auto,1430,293,1919,1002,1612,594,1725,669,0.771,260.7,True,TN03D9766,0.981,TN03D9766,accepted,231.1,,,
1255,15,auto,1429,293,1919,1002,1616,596,1720,662,0.739,230.8,True,TN03D9766,0.981,TN03D9766,accepted,188.3,,,
1260,15,auto,1429,292,1919,1002,1615,597,1721,664,0.747,225.2,True,TN03D9766,0.979,TN03D9766,accepted,231.6,,,
1265,15,auto,1428,294,1919,1004,1615,595,1726,668,0.746,231.2,True,TN03D9766,0.982,TN03D9766,accepted,262.6,,,
1265,56,auto,1428,294,1919,1004,1712,785,1814,844,0.275,231.2,True,,,,no_text,47.5,,,
1270,15,auto,1427,294,1919,1003,1615,595,1725,668,0.726,295.1,True,TN03D9766,0.982,TN03D9766,accepted,228.6,,,
1275,15,auto,1429,294,1919,1002,1614,593,1728,671,0.726,227.6,True,TN03D9766,0.969,TN03D9766,accepted,228.7,,,
1280,15,auto,1429,292,1919,1000,1614,592,1726,671,0.707,224.1,True,TN03D9766,0.981,TN03D9766,accepted,183,,,
1285,15,auto,1427,288,1920,996,1613,589,1721,657,0.641,225,True,TN03D9766,0.981,TN03D9766,accepted,186.1,,,
1285,56,auto,1427,288,1920,996,1683,759,1809,836,0.286,225,True,,,,no_text,50,,,
1290,15,auto,1427,289,1920,997,1610,589,1713,657,0.678,249.7,True,TN03D9766,0.986,TN03D9766,accepted,233.8,,,
1290,56,auto,1427,289,1920,997,1678,767,1808,838,0.303,249.7,True,,,,no_text,50.4,,,
1295,15,auto,1421,288,1920,996,1607,588,1712,660,0.587,224.2,True,TN03D9766,0.978,TN03D9766,accepted,237.5,,,
1300,57,car,400,311,1084,842,456,665,627,720,0.71,227.2,True,TN976500,0.876,TN976500,accepted,171.9,,,
1300,15,auto,1421,292,1919,999,1607,592,1710,660,0.547,227.2,True,TN03D9766,0.976,TN03D9766,accepted,245.5,,,
1300,56,auto,1421,292,1919,999,1679,775,1799,839,0.353,227.2,True,,,,no_text,55.1,,,
1305,58,car,129,308,1047,946,242,734,452,802,0.705,249.8,True,TN976500,0.979,TN976500,accepted,172.6,,,
1305,15,auto,1420,292,1920,998,1605,592,1710,661,0.627,249.8,True,TN03D9766,0.982,TN03D9766,accepted,201.4,,,
1310,15,auto,1419,291,1920,997,1606,592,1711,661,0.574,221.5,True,TN03D9766,0.97,TN03D9766,accepted,185.2,,,
1315,15,auto,1423,290,1919,999,1606,592,1713,668,0.673,230.3,True,TN03D9766,0.977,TN03D9766,accepted,179.2,,,
1320,15,auto,1422,292,1919,999,1607,588,1720,674,0.576,226,True,,,,no_text,141.4,,,
1325,15,auto,1420,291,1920,999,1605,592,1714,664,0.45,234.9,True,TN03D9766,0.971,TN03D9766,accepted,189.5,,,
